turma,periodo,professor,horario,vagas_ocupadas,total_vagas,local,cod_disciplina,cod_unico_disciplina,cod_depto,nome_disciplina
01,2022.2,ANDERSON RAFAEL BARROS DO NASCIMENTO (120h),7T456  6N1234 7N1,31,50.0,PAT AT 028,GPP0002,356.0,791,RESIDÊNCIA EM POLÍTICAS PÚBLICAS
08,2022.2,MARINA REGINA FRIZZAS (30h),7M5  7T1 (25/10/2022 - 18/02/2023),1,1.0,a definir,PPGBB3527,4082.0,947,ESTÁGIO DE DOCÊNCIA EM CIÊNCIAS BIOLÓGICAS 3
01,2022.2,EULER DE VILHENA GARCIA (60h),35M12,31,50.0,FGA - SALA S9,FGA0067,2820.0,673,TEORIA DE CIRCUITOS ELETRÔNICOS 1
02,2022.2,DAYANI GALATO (30h),2345T23456 6T2345,8,45.0,A DEFINIR,FCE0409,2238.0,672,ESTÁGIO SUPERVISIONADO 1
01,2022.2,MARIA EMILIA SCHUTESKY (120h),2345T16,6,15.0,estágio,IGD0205,3327.0,533,ESTÁGIO EM GEOLOGIA
01,2022.2,JOSE LUIS TERUEL CARRETERO (60h),2N12 3N34,51,55.0,ICC ANF.18,MAT0111,439.0,518,GEOMETRIA 1
01,2022.2,ROSANA AMARO (60h),,58,137.0,MULTIPOLO,FEF0430,2530.0,393,APRENDIZAGEM E DESENVOLVIMENTO MOTOR
01,2022.2,MARCIO GIMENES DE PAULA (90h),7M34  24N12,18,40.0,PAT AT 076,FIL0181,1090.0,552,FILOSOFIA MODERNA
01,2022.2,EDUARDO MONTOYA BOTERO (30h),35T23,13,40.0,FT/ENC/Sala de Reuniões,ENC0183,867.0,437,GEOTECNIA AMBIENTAL
34,2022.2,DIEGO ELIAS HONDA (30h),6T45,17,25.0,IQD AT 80/21,IQD0126,3460.0,610,QUIMICA GERAL EXPERIMENTAL
01,2022.2,REINALDO CRISPINIANO GARCIA (90h),235N34,51,55.0,FT - Bloco D - Sala DT 43/15,EPR0066,931.0,760,PESQUISA OPERACIONAL EM ENGENHARIA 1
02,2022.2,MARCELO OLIVEIRA RODRIGUES (60h),24M12,35,60.0,BSA S A2 16/30,IQD0139,3463.0,610,QUÍMICA DOS ELEMENTOS DE TRANSIÇÃO
05,2022.2,PAULO HENRIQUE DE SOUZA BERMEJO (30h),3N34,23,50.0,PJC BT 060,ADM0316,520.0,327,TÓPICOS CONTEMPORÂNEOS EM ADMINISTRAÇÃO 2
02,2022.2,CARLOS EDUARDO DOS SANTOS (90h),234T123456 56T12345,6,10.0,HUB,FCE0184,2100.0,672,ESTÁGIO CURRICULAR SUPERVISIONADO EM ENFERMAGEM 2
15,2022.2,LEONARDO CIRQUEIRA PIMENTEL (60h),456M5  456T1,0,10.0,a designar,ICB0219,3155.0,455,ESTÁGIO SUPERVISIONADO EM BIOLOGIA 2
05,2022.2,LUIZ GUILHERME DE OLIVEIRA (30h),6M34 (25/10/2022 - 18/02/2023),3,3.0,A DEFINIR,PPGDSCI0076,3847.0,929,SEMINÁRIO DE TESE
02,2022.2,JOSEVAN CERQUEIRA LEAL (15h),6M34  5T2345,17,17.0,UAC A1 48/50 e Lab. de Hab. Terapêuticas UAC,FCE0218,2121.0,672,FUNDAMENTOS DE FISIOTERAPIA: AGENTES FÍSICOS
30,2022.2,MARIA CRISTINA SOARES RODRIGUES (390h),23456M12345,1,1.0,Vigilância em Saúde,ENF0006,791.0,422,ESTÁGIO SUPERVISIONADO 2
02,2022.2,KEYLA DE PAULA BARBOSA (19h),6M12  6T23,15,18.0,UAC A1 48/50 e exercícios terapêutico (UEP),FCE0294,2172.0,672,FISIOTERAPIA NA ATENÇÃO DE MÉDIA COMPLEXIDADE: INTERVENÇÃO
14,2022.2,MARIO CESAR FERREIRA (30h),7T12 (25/10/2022 - 18/02/2023),0,5.0,A designar,PPGPSTO0034,4429.0,913,ESTUDO DIRIGIDO INDIVIDUAL 1
01,2022.2,JOELMA RODRIGUES DA SILVA (30h),2M12 (25/10/2022 - 18/02/2023),30,40.0,FUP,FUP0041,2617.0,666,CEBEP 1
21,2022.2,ARMANDO DE AZEVEDO CALDEIRA PIRES (90h),7T123456,1,4.0,a definir,ENM0130,258.0,449,PROJETO DE GRADUACAO 2
05,2022.2,PAULO ROBERTO AFFONSO MARINS (60h),,4,10.0,MULTIPOLO,MUS0828,1605.0,495,INSTRUMENTO PRINCIPAL 1
02,2022.2,JORGE EDUARDO ROCHA MORAIS (90h),246T23,12,30.0,ICC AT 121/7,LET0325,1343.0,574,PRÁTICA DO FRANCÊS ORAL E ESCRITO 2
02,2022.2,JORGE MENDES DE OLIVEIRA CASTRO NETO (30h),2N12 (25/10/2022 - 18/02/2023),6,10.0,A Definir,PPGCDC0097,3743.0,903,ESTUDO DIRIGIDO INDIVIDUAL EM ANÁLISE DO COMPORTAMENTO
01,2022.2,MATEUS RODRIGUES MIRANDA (60h),35T23,11,50.0,FGA - SALA MOCAP,FGA0152,2875.0,673,ERGONOMIA DO PRODUTO
01,2022.2,RODRIGO PIRES DE CAMPOS (60h),24T45,53,55.0,PAT AT 013,IRI0053,3522.0,669,COMÉRCIO INTERNACIONAL
15,2022.2,DANIEL RODRIGUES SILVA LUZ NETO (60h),3N1234,27,40.0,FE1- Sala 5,MTC0012,2413.0,381,DIDÁTICA FUNDAMENTAL
01,2022.2,CLAUDIA ESTRELA PORTO (120h),35M1234,6,33.0,Mezanino Norte,TEC0019,1805.0,361,SISTEMAS ESTRUTURAIS EM CONCRETO ARMADO
02,2022.2,VIVIANE FERNANDES FARIA PINTO (60h),5N1234,45,48.0,FE 5 - Sala 04,MTC0039,2416.0,381,EDUCAÇÃO INFANTIL
01,2022.2,JOAO PAULO MACHADO (60h),24M12,16,20.0,MUS SG4 Samambaia - Sala AT 17/12,MUS0098,1429.0,495,LINGUAGEM E ESTRUTURACAO MUSICAL 2
02,2022.2,PAULA MEYER SOARES (60h),35M34,118,120.0,FGA - SALA S9,FGA0133,2866.0,673,ENGENHARIA ECONÔMICA
01,2022.2,RAFAEL TERRA DE MENEZES (30h),2M12 (25/10/2022 - 18/02/2023),16,16.0,Darcy Ribeiro,PPGECOP3182,3914.0,1619,AVALIAÇÃO DE POLÍTICAS SOCIAIS
01,2022.2,MARCELO DE CARVALHO SILVA (60h),7M1234,51,56.0,BSA N AT 60/41,ADM0308,517.0,327,NEGOCIAÇÃO
09,2022.2,RAQUEL IMANISHI RODRIGUES (120h),7M1234  6T2345,3,4.0,A Definir,FIL0028,1070.0,552,MONOGRAFIA FILOSÓFICA
03,2022.2,JOSE LUIS TERUEL CARRETERO (30h),24T45,46,67.0,ICC ANF.14,MAT0022,418.0,518,MATEMATICA 1
03,2022.2,ANDREZA FABRO DE BEM (30h),5T56 (25/10/2022 - 18/02/2023),2,2.0,Instituto de Biologia,PPGPM2843,4361.0,1496,ESTÁGIO DOCENTE
05,2022.2,Caroline Maria Vieira Lacerda (60h),6N1234,21,21.0,FD 1º Andar A1-07,FDD0252,2372.0,370,ATUALIZAÇÃO E PRÁTICA DO DIREITO 1
01,2022.2,RENATO PEIXOTO DAGNINO (2h),4T2345 (25/10/2022 - 18/02/2023),37,35.0,FAU UnB,PPG0040,3585.0,927,CONEXÕES TERRITORIAIS
02,2022.2,CLAUDINEI GOUVEIA DE OLIVEIRA (75h),7M234  3T23 4T2345,16,17.0,ICC AT-349/19 (AMETISTA) e LAB M2,IGD0041,3291.0,533,GEOLOGIA ECONÔMICA
21,2022.2,GUIDO DE JESUS DANTAS (30h),35M3,27,30.0,CO - Pátio Coberto,FEF0505,2531.0,393,PRÁTICA DESPORTIVA 1
07,2022.2,EDSON SILVA DE FARIAS (120h),56N34 7N1234,0,1.0,Trabalho de Conclusão de Curso,SOL0039,455.0,483,PRÁTICA DE PESQUISA 2 (DISSERTAÇÃO)
01,2022.2,PAULO GUSTAVO BARBONI DANTAS NASCIMENTO (25h),6N123 (25/10/2022 - 18/02/2023),32,40.0,Campus Universitário Darcy Ribeiro -prédio DPI/CDT,PROFNIT1890,4391.0,978,CONCEITOS E APLICAÇÕES DE TRANSFERÊNCIA DE TECNOLOGIA
02,2022.2,AMANDA VISOTO DE MATOS (60h),35N12,53,60.0,ICC ANF. 13,FDD0004,2321.0,370,INSTITUIÇÕES DE DIREITO PÚBLICO E PRIVADO
02,2022.2,FRANCINE KEMMER CERNEV (30h),5T45,1,5.0,MUS SG2  AT 44/8,MUS0749,1567.0,495,SEMINÁRIO EM EDUCAÇÃO MUSICAL 2
01,2022.2,ANA ADELINA LOPO RAMOS (60h),24T23,20,21.0,PJC BT 061,LIP0120,1207.0,578,"ABORDAGENS,METODOS E TECNICAS DO ENSINO PORTUGUES COMO SEGUNDA LINGUA"
17,2022.2,PRISCILA DA SILVA ANTONIO (30h),7T23,0,1.0,A definir,ENF0007,792.0,422,ESTUDOS ORIENTADOS EM PESQUISA EM SAÚDE E ENFERMAGEM 1
07,2022.2,MARINA MARIA SILVA MAGALHAES (60h),35N34,19,41.0,PJC BT 117,LIP0045,1186.0,578,INTRODUÇÃO À LINGUÍSTICA
02,2022.2,ELAINE BARROS FERREIRA (30h),4T45,8,8.0,,ENF0059,801.0,422,VIVÊNCIAS INTEGRADORAS 2
03,2022.2,FERNANDA PAULINI (30h),36T45,11,40.0,BSA S B2 34/10,CFS0039,3077.0,455,ELEMENTOS DE FISIOLOGIA 2
01,2022.2,ELMIRA LUZIA MELO SOARES SIMEAO (60h),4M1234 (25/10/2022 - 18/02/2023),7,40.0,Sala 215,PPGCINF3076,3717.0,946,FUNDAMENTOS EM COMUNICAÇÃO E MEDIAÇÃO DA INFORMAÇÃO
01,2022.2,JESSICA DE ALMEIDA (60h),6T2345,6,20.0,MUS SG2  - Sala AT 44/8,MUS0788,1591.0,495,PROJETO DE ESTÁGIO E PRÁTICA DOCENTE
02,2022.2,PAULO GABRIEL FRANCO DOS SANTOS (60h),3N1234,9,40.0,"A1 48/20 UAC, FUP",FUP0330,2707.0,666,DIDÁTICA DAS CIÊNCIAS
06,2022.2,DELANO MOODY SIMOES DA SILVA (60h),6M1234 (25/10/2022 - 18/02/2023),1,10.0,A DEFINIR,PPGEDUC0020,3976.0,1185,ATIVIDADES PROGRAMADAS EM EDUCAÇÃO EM CIÊNCIAS 4
53,2022.2,BARBARA DE OLIVEIRA VIEIRA (60h),24M5  24T1,0,5.0,Darcy Ribeiro,ADM0297,511.0,327,ELABORAÇÃO DE TRABALHO DE CURSO
01,2022.2,ALINE MARTINS DE TOLEDO (3h),3M34,16,17.0,UAC A1 42/43,FCE0284,2163.0,672,FISIOTERAPIA NA ATENÇÃO BÁSICA AVALIAÇÃO
05,2022.2,ADEILTON BAIRRAL (30h),2N12,0,2.0,ICC/DAC - Núcleo Sonoro,MUS0515,1521.0,495,PRÁTICA DE CONJUNTO 6
CF,2022.2,DAMARIS SILVEIRA (60h),7T6  7N123 (25/10/2022 - 18/02/2023),1,10.0,Sala de Reuniões nº 03 da FS/UnB,PPGCF3469,3774.0,906,FITOTERAPIA BASEADA EM EVIDÊNCIAS
13,2022.2,DEANE MARIA FONSECA DE CASTRO E COSTA (60h),7N1234,3,4.0,Local à definir.,TEL0118,1873.0,580,MONOGRAFIA EM LITERATURA
01,2022.2,JOAO JOSE DA SILVA JUNIOR (60h),6T2345,18,30.0,ICC BT 192,FAV0304,1975.0,363,HIDROLOGIA DE PEQUENAS BACIAS HIDROGRÁFICAS
08,2022.2,ADRIANA MARIA DUARTE (15h),4T2345,8,10.0,Laboratório de Enfermagem UAC e UEP,FCE0171,2091.0,672,PRÁTICAS SUPERVISIONADAS EM ENFERMAGEM 2
02,2022.2,GIULIANO SANT ANNA MAROTTA (60h),6M1234,38,40.0,ICC ASS 283/10,IGD0183,3316.0,533,TOPOGRAFIA
03,2022.2,NATALIA LIMA DE OLIVEIRA (60h),5M12  2T45,18,20.0,PJC BT 132,FAR0050,315.0,678,BROMATOLOGIA
01,2022.2,NILDA MARIA DINIZ ROJAS (30h),3T45,14,17.0,BSAS B2 21/9,GEM0057,3134.0,455,TÓPICOS EM GENÉTICA E BIOLOGIA EVOLUTIVA
02,2022.2,ISABELA SEKEFF COUTINHO RIBEIRO (60h),24N12,2,5.0,SG8 - Auditório,MUS0776,1583.0,495,CANTO CORAL 4
07,2022.2,LUIZ ANTONIO RIBEIRO JUNIOR (60h),6N34 7N12 (25/10/2022 - 18/02/2023),2,5.0,IF,PPGFIS3352,4108.0,985,TÓPICOS DE FÍSICA 2
01,2022.2,CAROLINE BAHNIUK (60h),3M1234,36,40.0,FE5- Sala 6,TEF0092,2447.0,381,EDUCAÇÃO E TRABALHO
02,2022.2,RENATA AQUINO DA SILVA (60h),2T45 4T23,12,43.0,"A1 42/42 UAC, FUP",FUP0313,2699.0,666,QUÍMICA E TECNOLOGIA
01,2022.2,VANESSA DE OLIVEIRA MARTINS REIS (30h),3T23,49,50.0,AT  41/33,FCE0038,2021.0,672,INTRODUÇÃO A FONOAUDIOLOGIA
11,2022.2,SERGIO NOGUEIRA MENDES (30h),5T6  5N1,1,2.0,MUS SG2 Sala AT 71/5,MUS0509,1519.0,495,PRATICA DE CONJUNTO 4
02,2022.2,JUAREZ DE SOUZA (60h),24M34,19,21.0,Prédio IPOL/IREL - sala de atos.,POL0062,2997.0,668,TÓPICOS ESPECIAIS EM CIÊNCIA POLÍTICA 2
01,2022.2,JANE FARIAS CHAGAS FERREIRA (60h),35N12,38,50.0,BSA S BT 19/13,PED0060,3388.0,583,DESENVOLVIMENTO PSICOLÓGICO E ENSINO
05,2022.2,EDUARDO ADILIO PELINSON ALCHIERI (60h),46M34,45,50.0,PJC BT 069,CIC0090,686.0,508,ESTRUTURAS DE DADOS
01,2022.2,VIVIANE BELINI RODRIGUES (15h),3T234,34,34.0,BSA S B2 34/13,NUT0002,1614.0,424,INTEGRADORA 1
01,2022.2,MARIA CÉLIA CARDOSO LIMA (60h),,18,90.0,MULTIPOLO,ICH0021,3188.0,544,PRÁTICA PEDAGÓGICA EM GEOGRAFIA 3
13,2022.2,SAMUEL MOLINA SCHNORR (60h),2M1234 (25/10/2022 - 18/02/2023),1,10.0,A DEFINIR,PPGEDUC0016,3974.0,1185,ATIVIDADES PROGRAMADAS EM EDUCAÇÃO EM CIÊNCIAS 2
01,2022.2,PAOLA FERREIRA BARBOSA (60h),2M1234,3,5.0,estágio,IGD0166,3310.0,533,ESTÁGIO SUPERVISIONADO AVANÇADO EM GEOCIÊNCIAS
02,2022.2,ANA CLAUDIA FARRANHA SANTANA (30h),3N1234 (25/10/2022 - 18/02/2023),10,14.0,Faculdade de Direito,PPGDIR0017,3899.0,1505,PROCESSO CIVIL E AS TRANSFORMAÇÕES SOCIAIS E ECONÔMICAS
01,2022.2,EDUARDO TADEU VIEIRA (60h),24M34,41,70.0,BSA N A1 29/41,CCA0077,662.0,333,CONTABILIDADE GERAL 2
03,2022.2,ORLANDO VINICIUS RANGEL NUNES (60h),2M1234,26,30.0,Subsolo - Oficina de Maquete,TAU0013,1827.0,362,PLANEJAMENTO URBANO
01,2022.2,YOVANKA PEREZ GINORIS (60h),26M34,10,40.0,FT/ENC/CT-34/15,ENC0001,820.0,437,"CINÉTICA, PROCESSOS E OPERAÇÕES UNITÁRIAS"
01,2022.2,ALBERTO MASAYOSHI FARIA OHASHI (75h),2M34 4M5 5M3 (25/10/2022 - 18/02/2023),3,35.0,PPGMAT,PPGMAT0236,4271.0,983,TÓPICOS DE PROCESSOS ESTOCÁSTICOS
01,2022.2,ALINE MARTINS DE TOLEDO (10h),23456M1234,29,50.0,A definir,FCE0036,2020.0,672,ESTÁGIO OBRIGATÓRIO  EM FISIOTERAPIA 3
CF,2022.2,GUILHERME MARTINS GELFUSO (30h),2M45 (25/10/2022 - 18/02/2023),10,10.0,Sala de Reuniões nº 02 da FS/UnB,PPGCF2483,3727.0,902,METODOLOGIA CIENTÍFICA BÁSICA
01,2022.2,DANIEL MAURICIO MUNOZ ARBOLEDA (30h),4M5  4T1 (25/10/2022 - 18/02/2023),11,20.0,DT 52/15,PPMEC2007,4496.0,912,PROJETO DE DISSERTAÇÃO EM MECATRÔNICA
17,2022.2,DANIEL BIN (30h),5T12 (25/10/2022 - 18/02/2023),0,5.0,Prédio Multiuso II - Térreo e Primeiro Piso (UnB),PPGECSA0099,4051.0,1225,SEMINÁRIO DE ELABORAÇÃO DE TESE 2
02,2022.2,ANTONIO DE ALMEIDA NOBRE JUNIOR (15h),4T45,7,50.0,"A1 48/50 UAC, FUP",FUP0312,2698.0,666,PESQUISA E EXTENSÃO
01,2022.2,BEATRIZ DUARTE PEREIRA DE MAGALHAES CASTRO (30h),3M5  3T1,1,1.0,presencial,MUS0446,1506.0,495,FLAUTA 1
04,2022.2,DELMARY VASCONCELOS DE ABREU (120h),24M1234,5,5.0,MUS SG4 Sala Aquário AT 23/8,MUS0738,1560.0,495,ESTÁGIO SUPERVISIONADO EM MÚSICA 2
02,2022.2,ADRIANA MARIA DUARTE (15h),4M1234,6,10.0,Laboratório Enfermagem da UAC e UEP,FCE0171,2091.0,672,PRÁTICAS SUPERVISIONADAS EM ENFERMAGEM 2
01,2022.2,CAIO FREDERICO E SILVA (30h),3N34,8,36.0,Mezanino - Sala 02,PRO0064,1721.0,360,CONFORTO TÉRMICO AMBIENTAL 2
04,2022.2,MARTIN LEON JACQUES IBANEZ DE NOVION (60h),35M34,37,50.0,PAT AT 101,ELA0008,288.0,479,PENSAMENTO SOCIAL E POLÍTICO NA AMÉRICA LATINA
02,2022.2,RINALDO EDUARDO MACHADO DE OLIVEIRA (30h),2345T12345 6T1234,17,45.0,A DEFINIR,FCE0412,2240.0,672,ESTÁGIO SUPERVISIONADO 2
06,2022.2,MONICA PEREIRA GARCIA (20h),6M34  6T23,37,40.0,IB H1 11/10,GEM0062,3136.0,455,BIOLOGIA ESTRUTURAL DOS TECIDOS
06,2022.2,DANIEL PERDIGAO NASS (30h),7N12,0,1.0,a definir,IQD0199,3477.0,610,TRABALHO DE CONCLUSÃO DE CURSO 2-MONOGRAFIA DE LICENCIATURA EM QUÍMICA
01,2022.2,PAULO AFONSO FRANCISCO DE CARVALHO (60h),3T2345,20,41.0,CET módulo B Sala 05,FAV0088,1920.0,363,EXTENSAO RURAL
01,2022.2,NADJAR NITZ SILVA LOCIKS DE ARAUJO (15h),3T2345,20,20.0,3T23 = Auditório NMT,FMD0034,2554.0,402,PARASITOLOGIA MÉDICA
01,2022.2,ANDRE PACHECO DE ASSIS (30h),2M34,4,3.0,AT - 23/11,DPG0072,71.0,170,OBRAS SUBTERRÂNEAS
01,2022.2,DANIELA MARA DE OLIVEIRA (90h),2M1234 5M12,40,43.0,BSA S BT 47/13,GEM0041,3126.0,455,HISTOLOGIA BASICA
01,2022.2,WLADIMIR GANZELEVITCH GRAMACHO (30h),5T23 (25/10/2022 - 18/02/2023),9,30.0,FAC,PPGC0381,3842.0,841,TÓPICOS ESPECIAIS EM COMUNICAÇÃO 3
01,2022.2,HILDO HONORIO DO COUTO (45h),2T345 (25/10/2022 - 18/02/2023),6,13.0,"Sala 3, Módulo 7 BSS/ICC Darcy Ribeiro",PPGL3089,4230.0,1495,ECOLOGIA LINGUÍSTICA
01,2022.2,GERALDO RESENDE BOAVENTURA (60h),25M34 (25/10/2022 - 18/02/2023),1,10.0,Laboratório LABGEQ,PPGEO3753,4112.0,932,ANÁLISE E QUALIDADE DE ÁGUA
01,2022.2,ETIENNE BALDEZ LOUZADA BARBOSA (60h),5T2345,44,45.0,FE 5 - Sala 04,MTC0039,2416.0,381,EDUCAÇÃO INFANTIL
17,2022.2,GUSTAVO DE LUNA SALES (60h),2345T6,1,5.0,Local à definir.,PRO0001,1694.0,360,TRABALHO FINAL DE GRADUAÇÃO EM ARQUITETURA E URBANISMO
01,2022.2,RICARDO ZELENOVSKY (60h),24M12,49,60.0,FT BT-13/15 (Auditório),ENE0056,963.0,443,SISTEMAS MICROPROCESSADOS
02,2022.2,RUI SEIMETZ (60h),67M1234,18,25.0,ICC ASS 421/10,MAT0136,446.0,518,REGÊNCIA 1
01,2022.2,TIAGO JESSE SOUZA DE LIMA (60h),35T23,81,90.0,BSA S A1 16/22,PST0011,3407.0,583,PSICOLOGIA SOCIAL 1
01,2022.2,MARTIM FRANCISCO BOTTARO MARQUES (25h),67M12345  67T2345 (04/06/2022 - 11/06/2022),0,40.0,Faculdade de Ceilândia,FCE0073,2044.0,672,PRESCRIÇÃO DO EXERCÍCIO TERAPÊUTICO E TREINAMENTO FUNCIONAL
02,2022.2,ANA MAGNOLIA BEZERRA MENDES (30h),4M5  4T1 (25/10/2022 - 18/02/2023),0,5.0,A designar,PPGPSTO0038,4431.0,913,ESTUDO DIRIGIDO INDIVIDUAL 3
01,2022.2,RENATO PINTO DA CUNHA (30h),3T45,8,40.0,AT - 23/11,PPGG0328,4170.0,901,SISTEMAS GEOTÉRMICOS SUPERFICIAIS
02,2022.2,RAQUEL MARIA DE MELO (30h),4N12 (25/10/2022 - 18/02/2023),2,3.0,A combinar com a orientadora,PPGCDC0132,3748.0,903,ESTUDO TEMÁTICO EM ANÁLISE DO COMPORTAMENTO
18,2022.2,PEDRO HENRIQUE ANTUNES DA COSTA (30h),7N12 (25/10/2022 - 18/02/2023),0,10.0,A DEFINIR,PSICC3445,4406.0,986,ESTUDO E PESQUISA DE DISSERTAÇÃO EM PSICOLOGIA CLÍNICA E CULTURA 1
04,2022.2,FLAVIA FERREIRA RAMOS ZAPATA (60h),35T45,38,65.0,ICC ANF.18,MAT0053,430.0,518,CALCULO NUMERICO
02,2022.2,MONICA PEREIRA GARCIA (60h),7T2345 (25/10/2022 - 18/02/2023),1,8.0,SALA DE REUNIÕES NO ANDAR TÉRREO – BLOCO F – IB,PPGAS3766,3629.0,1491,TÓPICOS ESPECIAIS EM BIOLOGIA ANIMAL
01,2022.2,EMERSON MONTEIRO VIEIRA (60h),7T2345,5,20.0,Saida de campo,ECL0044,3096.0,455,MÉTODOS EM ECOLOGIA
01,2022.2,GERMANA HENRIQUES PEREIRA (60h),6M1234 (25/10/2022 - 18/02/2023),0,2.0,Darcy Ribeiro,POSTRAD2093,4068.0,1494,ENFOQUES DA PESQUISA EM TRADUÇÃO 2
01,2022.2,ANDERSON RAFAEL BARROS DO NASCIMENTO (60h),35N12,8,50.0,PAT AT 036,GPP0043,378.0,791,CARGOS NO SERVIÇO PÚBLICO
01,2022.2,RAQUEL MORAES SOARES (15h),35M12 (25/10/2022 - 18/02/2023),6,30.0,Sala de aula PPGTARH,PPGTARH0131,4531.0,830,CONTROLE DE POLUIÇÃO DE ÁGUA
01,2022.2,MARCELO PINHEIRO CIGALES (135h),23456M5  6T2345 (25/10/2022 - 18/02/2023),9,10.0,PAT AT 044,SOL0132,473.0,483,ESTÁGIO 2: PRÁTICA DE ENSINO EM CIÊNCIAS SOCIAIS 1
03,2022.2,MARCOS ALBERTO DANTAS (60h),35M12,51,52.0,PJC BT 036,ADM0320,523.0,327,"ANÁLISE ORGANIZACIONAL, SISTEMAS E MÉTODOS"
01,2022.2,EVELYN MIKAELA KOGAWA (30h),2T23,29,30.0,BSA S A2 16/37,ODT0004,1655.0,427,INTRODUÇÃO À PRÓTESE PARCIAL REMOVÍVEL
30,2022.2,NILO MAKIUCHI (15h),2M34,24,30.0,LAB FIS 1B -IF,IFD0173,3232.0,524,FISICA 1 EXPERIMENTAL
09,2022.2,TATIANA BARBOSA ROSADO LAVIOLA (120h),4M1234  6T2345,5,6.0,FUP,CEL0072,3048.0,455,PESQUISA EM BIOLOGIA MOLECULAR
01,2022.2,FABRICIA ARAUJO PEREIRA (120h),35M1234  3T2345,27,30.0,UNIDADE DE SAÚDE BUCAL - HUB/LAB. PRÉ-CLÍNICO - FS,ODT0009,1657.0,427,CLÍNICA ODONTOLÓGICA 6
01,2022.2,PRISCILLA COPPOLA DE SOUZA RODRIGUES (75h),3T12345 (25/10/2022 - 18/02/2023),25,23.0,FUP,FUP0100,2630.0,666,QUÍMICA TERRA E AMBIENTE
02,2022.2,TATIANA AMABILE DE CAMPOS (60h),5M1234 (25/10/2022 - 18/02/2023),3,10.0,A designar,PPGBB3780,3641.0,1501,TÓPICOS EM MICROBIOLOGIA
05,2022.2,ALESSANDRA RAMOS VENOSA (30h),4N1234 (25/10/2022 - 18/02/2023),1,30.0,Hospital Universitário de Brasília,PPGCM0418,3816.0,845,ESTÁGIO EM DOCÊNCIA EM CIÊNCIAS MÉDICAS 1
08,2022.2,GUILHERME SALES SOARES DE AZEVEDO MELO (60h),5N1234,0,10.0,SG-12,PPCE0240,4048.0,829,ESTUDO DIRIGIDO EM ESTRUTURAS E CONSTRUÇÃO CIVIL
01,2022.2,WAGNER RODRIGUES MARTINS (30h),23456M1234,31,50.0,A definir,FCE0034,2018.0,672,ESTÁGIO OBRIGATÓRIO  EM FISIOTERAPIA 1
ODT,2022.2,RODRIGO ANTONIO DE MEDEIROS (45h),2T234 (25/10/2022 - 18/02/2023),8,15.0,Laboratório de Apoio ao Ensino da ODT (AN 101),PPGODT0019,4354.0,907,MÉTODOS DE PESQUISA EM BIOMATERIAIS
01,2022.2,ANDRE LECLERC (90h),356N34,21,40.0,PAT AT 069,FIL0183,1092.0,552,FILOSOFIA DA CIÊNCIA
03,2022.2,PAULO AFONSO FRANCISCO DE CARVALHO (60h),24M12,25,50.0,BSA N A1 58/41,POL0055,2996.0,668,FUNDAMENTOS DE POLÍTICAS PÚBLICAS
01,2022.2,ERCILIA TORRES STEINKE (60h),24M34,25,40.0,PAT AT 092,GEA0060,1119.0,555,CLIMATOLOGIA GERAL
02,2022.2,LEONARDO MOTTA TAVARES (60h),3N1234,17,33.0,LIS,VIS0256,632.0,498,HISTÓRIA DA ARTE NO BRASIL
19,2022.2,LILIA GONCALVES MAGALHAES (30h),7M12 (25/10/2022 - 18/02/2023),1,3.0,Prédio Multiuso II - Térreo e Primeiro Piso (UnB),PPGECSA0099,4051.0,1225,SEMINÁRIO DE ELABORAÇÃO DE TESE 2
01,2022.2,ELIANA DOS SANTOS LEANDRO (15h),4T234,32,32.0,BSA S B2 34/13,NUT0004,1616.0,424,INTEGRADORA 3
02,2022.2,TIAGO BARROS PONTES E SILVA (30h),7M34,4,10.0,Departamento de Design,DIN0068,214.0,660,TRABALHO DE CONCLUSÃO DE CURSO 1
07,2022.2,JUSELIO MATTOS DO AMARAL (60h),24M34,25,26.0,ICC AT- 092,LIP0174,1239.0,578,LÍNGUA DE SINAIS BRASILEIRA
02,2022.2,LUISA DE ARAUJO GUNTHER (90h),6M1234 7M34,32,40.0,Sala Hugo Rodas,VIS0230,627.0,498,INTERVENCAO/PERFORMANCE/INSTALACAO
01,2022.2,CAMILA POTYARA PEREIRA (60h),6T2345 (25/10/2022 - 18/02/2023),2,2.0,A definir,PPGPS0156,4363.0,1499,SEMINÁRIO DE TESE 1 EM POLÍTICA SOCIAL
08,2022.2,MICHELE DAL TOE CASAGRANDE (30h),4T45,8,11.0,SG-12/Lab de Geotecnia,ENC0240,880.0,437,LABORATÓRIO DE GEOTECNIA 1
01,2022.2,MARGO GOMES DE OLIVEIRA KARNIKOWSKI (10h),2345M12345 6M1234,13,45.0,A DEFINIR,FCE0409,2238.0,672,ESTÁGIO SUPERVISIONADO 1
05,2022.2,LYGIANNE BATISTA VIEIRA (60h),3N1234,25,40.0,FE 5 - Sala 06,MTC0055,2419.0,381,EDUCAÇÃO MATEMÁTICA 1
01,2022.2,INGRID DITTRICH WIGGERS (60h),24T23,48,50.0,FEF 46,FEF0016,2472.0,393,CORPO E EDUCAÇÃO
01,2022.2,FELIPE CANOVA GONCALVES (45h),7M12345  7T12 (25/10/2022 - 18/02/2023),33,29.0,FUP,FUP0225,2660.0,666,ESTÁGIO CURRICULAR SUPERVISIONADO 1
03,2022.2,ANDERSON JOSE COSTA SENA (30h),4T45,12,14.0,FGA - SALA LAB NEI 2,FGA0071,2824.0,673,PRÁTICA DE ELETRÔNICA DIGITAL 1
01,2022.2,LEANDRO DUARTE RUST (60h),35M12,26,40.0,PJC BT 076,HIS0091,1138.0,559,HISTÓRIA MEDIEVAL 1
01,2022.2,CRIS RENATA GROU VOLPE (30h),5M23,8,10.0,Laboratório de Enfermagem -UAC,FCE0169,2089.0,672,PRÁTICAS SUPERVISIONADAS EM ENFERMAGEM 1
01,2022.2,MANOEL PORFIRIO CORDAO NETO (60h),35T45,18,25.0,FT/ENC/CT-16/15,ENC0235,878.0,437,GEOTECNIA 2
03,2022.2,CAROLINA AMANCIO LOULY SASAKI (15h),5M1234,1,1.0,Pomed CMB DF (Setor Policial),NUT0088,1639.0,424,PRÁTICAS EM NUTRIÇÃO
02,2022.2,LUCIANO GRUDTNER BURATTO (60h),6N1234 (25/10/2022 - 18/02/2023),1,2.0,A Definir,PPGCDC3311,3755.0,903,ESTÁGIO SUPERVISIONADO DE DOCÊNCIA EM CIÊNCIAS DO COMPORTAMENTO
02,2022.2,LUIZA DE MARILAC MEIRELES BARBOSA (45h),7M1234  6T6  6N1,3,10.0,A1 42/40,FCE0346,2207.0,672,TRABALHO DE CONCLUSÃO DE CURSO EM SAÚDE COLETIVA 2
02,2022.2,CAMILO CHANG DOREA (60h),46T45,22,25.0,6T45(BSA N AT 09/41) 4T45(BSA N A1 19/41),CIC0007,684.0,508,INTRODUÇÃO À CIÊNCIA DA COMPUTAÇÃO
01,2022.2,ANTONIO EDUARDO GOMES (60h),24M12,43,50.0,BSA N A1 22/4,EST0023,1047.0,514,PROBABILIDADE E ESTATÍSTICA
02,2022.2,YULLE XIMENDE RODRIGUES (30h),6M12,46,50.0,UAC A1 42/30,FCE0194,2106.0,672,INTRODUÇÃO A PESQUISA CIENTÍFICA
01,2022.2,WALKIRIA NEIVA PRACA (30h),3M12 (25/10/2022 - 18/02/2023),1,1.0,Sala do professor,PPGL3170,4233.0,1495,LABORATÓRIO DE ANÁLISE LINGÜÍSTICA: MORFOLOGIA 2
16,2022.2,DARLAN PEZ WOCIECHOSKI (60h),6N1234,17,45.0,FE5- Sala 8,PAD0028,2427.0,381,ORGANIZAÇÃO DA EDUCAÇÃO BRASILEIRA
22,2022.2,SERGIO EDUARDO SILVA DE OLIVEIRA (30h),7N34 (25/10/2022 - 18/02/2023),0,10.0,A Definir,PSICC3446,4407.0,986,ESTUDO E PESQUISA DE DISSERTAÇÃO EM PSICOLOGIA CLÍNICA E CULTURA 2
02,2022.2,ANDRE LUIS MUNIZ GARCIA (90h),356T23,22,40.0,PAT AT 060,FIL0182,1091.0,552,ESTÉTICA E FILOSOFIA DA ARTE
01,2022.2,JULIO CESAR NEVES MONTEIRO (60h),2N1234,8,30.0,ICC AT- 151/8,LET0002,1241.0,574,PESQUISA EM TRADUÇÃO
01,2022.2,GUILHERME MARTINS SANTOS (60h),2T2345,19,30.0,PJC BT 077,FAR0042,311.0,678,TÓPICOS EM FARMACOLOGIA MOLECULAR
01,2022.2,YUKI MUKAI (60h),4T2345 (25/10/2022 - 18/02/2023),3,25.0,"Sala 4, Módulo 7 BSS/ICC Darcy Ribeiro",PGLA3146,4240.0,1203,AQUISIÇÃO DE SEGUNDA LÍNGUA
02,2022.2,RAFAEL PLAKOUDI SOUTO MAIOR (60h),35N12,26,40.0,BSA S B2  41/10,CFS0048,3079.0,455,FISIOLOGIA ANIMAL 1
02,2022.2,JORGE EDUARDO ROCHA MORAIS (60h),35M12,29,30.0,ICC AT 104,LET0055,1264.0,574,CIVILIZACAO FRANCESA
01,2022.2,REGINA DA SILVA PINA NEVES (120h),7M2345  5N1234,16,16.0,ICC ASS 415/10,MAT0124,442.0,518,REGÊNCIA 2
01,2022.2,THEO ALLAN DARN ZAPATA (75h),35T45 6T4 (25/10/2022 - 18/02/2023),3,30.0,sala A - miniauditório,PPGMAT0020,4259.0,983,TÓPICOS AVANÇADOS EM ÁLGEBRA
01,2022.2,DAVI EMANUEL RIBEIRO DE SOUSA (15h),6M34,26,40.0,HVet,FAV0333,1983.0,363,TOXICOLOGIA VETERINÁRIA E PLANTAS TOXICAS
05,2022.2,MARILIA MIRANDA FORTE GOMES (30h),6T45 (25/10/2022 - 18/02/2023),1,1.0,verificar com o(a) docente,PPGEB4024,4009.0,959,ESTUDO ORIENTADO PARA ENGENHARIA BIOMÉDICA 1
01,2022.2,ARMANDO FORNAZIER (60h),2T2345,13,30.0,ICC AT 098,FAV0295,1971.0,363,AGRONEGÓCIO E SISTEMAS AGROINDUSTRIAIS
01,2022.2,JOSE HENRIQUE LEAL ARAUJO (30h),456M5 7M12345  7T12,40,46.0,HUB,FMD0043,2563.0,402,INTERNATO 
01,2022.2,VLADIMIR VILLAVERDE BARBAN (60h),46M12,8,15.0,FT/ENC/Sala de Reuniões,ENC0151,859.0,437,ESTRUTURAS DE FUNDACOES
02,2022.2,DEANE MARIA FONSECA DE CASTRO E COSTA (60h),35T6  35N1,34,40.0,PAT AT 100,TEL0022,1837.0,580,LITERATURA BRASILEIRA
01,2022.2,LARISSA BUENO FERREIRA (15h),2T234,25,32.0,BSA S BT 47/10,NUT0009,1620.0,424,EPIDEMIOLOGIA NUTRICIONAL
02,2022.2,RODRIGO DE SOUZA GONCALVES (60h),24N12,27,60.0,BSA N AT 49/41,CCA0079,663.0,333,CONTABILIDADE GERAL 2
02,2022.2,PAULO AUGUSTO PETTENUZZO DE BRITTO (60h),24N34,58,60.0,BSA N A1 09/41,CCA0074,660.0,333,ANÁLISE ECONÔMICO-FINANCEIRA 2
02,2022.2,CARLOS EDUARDO LUNA DE MELO (120h),35M1234,30,30.0,Térreo - Sala 02,TEC0019,1805.0,361,SISTEMAS ESTRUTURAIS EM CONCRETO ARMADO
01,2022.2,AMARALINA MIRANDA DE SOUZA (60h),6M1234 (25/10/2022 - 18/02/2023),6,15.0,FE-01 Sala 01,PPGE0617,3954.0,977,"SEMINÁRIO DE PESQUISA EM EDUCAÇÃO, TECNOLOGIAS E COMUNICAÇÃO I"
02,2022.2,MARIA DAS GRACAS MACHADO DE SOUZA (60h),7M1234,0,3.0,Local à definir.,ICB0230,3157.0,455,ESTÁGIO EM EXTENSÃO 1
02,2022.2,VERA REGINA FERNANDES DA SILVA MARAES (6h),6T23,11,17.0,UAC A1 42/43 e Lab. de Habilidades Terapêuticas,FCE0298,2176.0,672,FISIOTERAPIA NO PROCESSO DE REABILITAÇÃO: AVALIAÇÃO
05,2022.2,FRANCISCO RICARDO DA CUNHA (30h),7M12 (25/10/2022 - 18/02/2023),1,1.0,A designar,PCMEC0180,3802.0,904,ESTÁGIO DE DOCÊNCIA EM CIÊNCIAS MECÂNICAS 1
03,2022.2,JAQUELINE GODOY MESQUITA (45h),34M5  3T1 (25/10/2022 - 18/02/2023),3,30.0,PPGMAT,PPGMAT0098,4262.0,983,PESQUISA EM MATEMÁTICA C
01,2022.2,LETICIA MEDA VENDRUSCULO FANGEL (30h),2M34,54,54.0,AT 42/50,FCE0318,2188.0,672,TERAPIA OCUPACIONAL BASEADA EM EVIDÊNCIAS 2
01,2022.2,YANNA KARLA DE MEDEIROS NOBREGA (60h),3N12 5N34,12,30.0,BSA S B1 47/10,FAR0021,305.0,678,DIAGNÓSTICO LABORATORIAL EM IMUNOLOGIA CLÍNICA
01,2022.2,LAILA SALMEN ESPINDOLA (60h),35T23 (25/10/2022 - 18/02/2023),0,2.0,"Laboratório de fisiologia respiratória, sala BC-20",PPGCM0419,3817.0,845,ESTÁGIO EM DOCÊNCIA EM CIÊNCIAS MÉDICAS 2
01,2022.2,EDUARDO YOSHIO NAKANO (60h),24M12,31,40.0,PJC BT 148,EST0086,1062.0,514,ANÁLISE DE SOBREVIVÊNCIA
01,2022.2,ANTONIO FRANCISCO PEREIRA DE ARAUJO (60h),6T2345,4,20.0,BSA S A2 16/30,CEL0087,3056.0,455,ENOVELAMENTO DE PROTEINAS
01,2022.2,MARIO DE OLIVEIRA ANDRADE (90h),6T123456,98,100.0,Auditório - CDT,FTD0008,2787.0,429,EMPRESA JUNIOR 1
12,2022.2,MARIA LUCIA LOPES DA SILVA (60h),2T1234,5,7.0,A DEFINIR,SER0118,1788.0,563,PRÁTICA DE PESQUISA SOCIAL 1
01,2022.2,MIRIAM DA SILVA WANDERLEY (15h),456M5 7M12345  7T12,49,50.0,"Centro Obstétrico, Emer de Gineco e Obstet",FMD0051,2570.0,402,INTERNATO 
01,2022.2,ERALDO APARECIDO TRONDOLI MATRICARDI (60h),4T2345,19,20.0,ULEG/FT - LCCC,EFL0100,1038.0,433,SISTEMA DE INFORMAÇÃO GEOGRÁFICA APLICADO À CIÊNCIA FLORESTAL
01,2022.2,ALICE MARIA CORREA MEDINA (30h),2T45,49,55.0,CO 13,FEF0014,2470.0,393,ASPECTOS PSICOLÓGICOS DA APRENDIZAGEM A EDF
03,2022.2,LIDIA MARIA PEPE DE MORAES (30h),2N1234,37,40.0,BSA S B1 26/13,CEL0095,3061.0,455,BIOLOGIA MOLECULAR
04,2022.2,ELTON BAUER (30h),6N12,0,10.0,SG-12,PPCE0232,4046.0,829,ESTÁGIO DOCÊNCIA EM ESTRUTURAS E CONSTRUÇÃO CIVIL 1
01,2022.2,MARGO GOMES DE OLIVEIRA KARNIKOWSKI (60h),5M1234,50,52.0,UAC A1 48/20,FCE0213,2119.0,672,ASSISTÊNCIA FARMACÊUTICA E SISTEMAS DE SAÚDE
GM,2022.2,GUILHERME MARTINS GELFUSO (60h),4M1234 (25/10/2022 - 18/02/2023),1,1.0,a definir,PPGCF2748,3771.0,906,ESTÁGIO EM DOCÊNCIA EM CIÊNCIAS FARMACÊUTICAS 1
12,2022.2,TARCISIO MARCIANO DA ROCHA FILHO (30h),35T6,1,1.0,A definir,IFD0057,3223.0,524,PROJETO DE TRABALHO DE CONCLUSÃO DE CURSO
11,2022.2,LUCAS CONQUE SECO FERREIRA (90h),235M34,43,65.0,ICC ANF.16,MAT0026,421.0,518,CÁLCULO 2
01,2022.2,GEORGIOS JOANNIS PAPPAS JUNIOR (60h),6N1234,5,6.0,BSAS B2 21/9,CEL0052,3040.0,455,METODOS EM BIOLOGIA 2
01,2022.2,MONICA GIANNOCCARO VON HUELSEN (30h),2T23,8,15.0,Obs Sis,IGD0242,3340.0,533,MÉTODOS MAGNETOTELÚRICO
04,2022.2,ORLANDO VINICIUS RANGEL NUNES (30h),6N12,12,17.0,Subsolo - Desenho e Plástica,TEC0027,1809.0,361,INFRA-ESTRUTURA URBANA
03,2022.2,WALTERLANIA SILVA SANTOS (75h),2345M12345 6M1234,0,1.0,UBS,FCE0183,2099.0,672,ESTÁGIO CURRICULAR SUPERVISIONADO EM ENFERMAGEM 1
02,2022.2,SERGE DOMINIQUE MARGEL (60h),7T2345,7,25.0,Darcy Ribeiro,POSLIT2527,4253.0,987,"LITERATURA, ARTES E MÍDIAS"
01,2022.2,OLIMPIA ALVES TEIXEIRA LIMA (30h),35M1234,44,44.0,BSA S B1 11/13; BT 112/17-FM e B1 29/17 CIEX,FMD0058,2577.0,402,SAÚDE DO ADULTO
01,2022.2,VALERIA REIS DO CANTO PEREIRA (135h),234N1234 56N12,18,36.0,a definir,FCE0131,2075.0,672,ESTÁGIO CURRICULAR SUPERVISIONADO EM FONOAUDIOLOGIA 3
01,2022.2,ALESSANDRA RAMOS VENOSA (90h),2M123  2T123,44,44.0,BSA S B1 26/13,FMD0017,2539.0,402,SAÚDE DO ADULTO
01,2022.2,LILY MARTINEZ EVANGELISTA (60h),24N12,25,35.0,ICC BT 016/62,LET0414,1378.0,574,INTRODUÇÃO A TRADUÇÃO
02,2022.2,RICARDO AJAX DIAS KOSLOSKI (60h),35T6  35N1,20,40.0,FGA - SALA I7,FGA0278,2938.0,673,QUALIDADE DE SOFTWARE 1
03,2022.2,UIDEMAR MORAIS BARRAL (60h),2M1234 (25/10/2022 - 18/02/2023),1,1.0,Instituto de Geociências - IG,PPGGAG3480,4118.0,932,ESTÁGIO DOCENTE 2
05,2022.2,PAULO ROBERTO AMORIM LOUREIRO (30h),7M34 (25/10/2022 - 18/02/2023),1,1.0,a definir,PPGECO0462,3928.0,1198,ESTÁGIO DE DOCÊNCIA 2 EM ECONOMIA
CS,2022.2,EDGAR MERCHAN HAMANN (60h),3T2345 (25/10/2022 - 18/02/2023),9,12.0,Auditório nº 01 da FS/UnB,PPGCF3953,3730.0,902,MÉTODOS EPIDEMIOLÓGICOS
01,2022.2,DEANE MARIA FONSECA DE CASTRO E COSTA (60h),35T45,35,40.0,PAT AT 061,TEL0022,1837.0,580,LITERATURA BRASILEIRA
02,2022.2,BOJIN ILIEV NEDIALKOV (60h),7N1234,1,4.0,a definir,MUS0638,1544.0,495,MUSICA DE CAMARA 5
01,2022.2,JORGE MADEIRA NOGUEIRA (30h),7T45 (25/10/2022 - 18/02/2023),2,2.0,a definir,PPGECOP3244,3919.0,1619,MÉTODOS ESTATÍSTICOS E ECONOMÉTRICOS EM ECONOMIA 1
02,2022.2,ALDO HENRIQUE FONSECA PACHECO TAVARES (60h),3M1234,83,85.0,A1 - 42/63,FCE0231,2129.0,672,SISTEMA IMUNITÁRIO
01,2022.2,PETRÔNIO CALMON ALVES CARDOSO FILHO (60h),24N12,42,60.0,2N12 BSA S AT-14/15 e 4N12 ICC ANF. 7,FDD0155,2358.0,370,NOÇÕES DE DIREITO
03,2022.2,YULLE XIMENDE RODRIGUES (60h),2M1234,13,13.0,A1 42/30,FCE0359,2216.0,672,TERAPIA OCUPACIONAL NO PROCESSO DE REABILITAÇÃO: INTERVENÇÃO
02,2022.2,ANTONIA DE JESUS ANGULO TUESTA (60h),46T23,31,55.0,A1 42/33,FCE0234,2131.0,672,"POLÍTICAS, SISTEMAS E SERVIÇOS DE SAÚDE"
01,2022.2,RAFAEL SILVEIRA E SILVA (30h),5N123 (04/08/2022 - 06/10/2022),0,50.0,Sala de Seminários - Ipol,POL0007,2977.0,668,LEGISLATIVO E POLÍTICAS PÚBLICAS
01,2022.2,MARIA DE FATIMA RAMOS BRANDAO (30h),6N123,10,50.0,PAT AT 037,CIC0212,730.0,508,SUPERVISÃO DE PRÁTICA PEDAGÓGICA EM COMPUTAÇÃO 1
02,2022.2,JANE DULLIUS (60h),6T2345,34,50.0,CO 13,FEF0415,2526.0,393,SAÚDE COLETIVA E EDUCAÇÃO FÍSICA
A,2022.2,GRACIELA NORA DOZ DE CARVALHO (60h),24T6  24N1,16,30.0,SG-12,PPGG2141,4050.0,829,DINÂMICA DAS ESTRUTURAS 1
03,2022.2,DANIEL MARTINS PITANGA (120h),35T2345,2,2.0,MUS SG2 Sala AT 25/8,MUS0787,1590.0,495,ESTÁGIO SUPERVISIONADO EM MÚSICA 3
07,2022.2,CLAUDIO ARAUJO REIS (60h),6M1234,3,3.0,A Definir,FIL0025,1069.0,552,PROJETO DE MONOGRAFIA FILOSÓFICA
01,2022.2,JOSE JOAQUIN LINARES LEON (30h),3M34,27,27.0,BSA S B1 47/10,IQD0015,3428.0,610,PROJETO DE ENGENHARIA QUÍMICA 1
01,2022.2,MAURICIO GOMES DA SILVA FONTELES (30h),6M12,29,30.0,FAC,DAP0174,151.0,351,SOM 2
04,2022.2,MAMEDE SAID MAIA FILHO (60h),4M1234 (10/10/2022 - 25/02/2023),10,15.0,Faculdade de Direito,PPGD2309,3884.0,914,TÓPICOS ESPECIAIS
01,2022.2,HELIANA FARIA METTIG ROCHA (2h),4T2345 (05/04/2023 - 26/07/2023),37,35.0,FAU UnB,PPG0041,3586.0,927,PRODUÇAO DO HABITAT NO CAMPO E NA CIDADE
03,2022.2,SERGIO RICARDO THOMAZ (10h),6M125  6T1,18,18.0,UAC A1 48/50 e exercícios terapêutico (UEP),FCE0294,2172.0,672,FISIOTERAPIA NA ATENÇÃO DE MÉDIA COMPLEXIDADE: INTERVENÇÃO
02,2022.2,EDUARDO MONTEIRO DE CASTRO GOMES (30h),35M34,8,40.0,BSA N A1 60/09,EST0027,1048.0,514,BIOESTATÍSTICA
03,2022.2,ANDREIA GUEDES OLIVA FERNANDES (120h),56M1234,5,5.0,Local à definir.,ENF0065,807.0,422,VIVÊNCIAS INTEGRADORAS 5
09,2022.2,MARTINO GARONZI (30h),235M34,17,66.0,ICC ANF.18,MAT0025,420.0,518,CÁLCULO 1
07,2022.2,GARDENIA DA SILVA ABBAD (30h),2M12 (25/10/2022 - 18/02/2023),2,5.0,A designar,PPGPSTO0020,4425.0,913,"PESQUISA EM PSICOLOGIA SOCIAL, DO TRABALHO E DAS ORGANIZAÇÕES 1"
02,2022.2,ANDRE MURILO DE ALMEIDA PINTO (60h),4M5  2T23 4T1,0,8.0,FGA - SALA LAB SHP,FGA0270,2934.0,673,SISTEMAS HIDRÁULICOS E PNEUMÁTICOS
02,2022.2,LARISSA FERNANDES MATOS (30h),4T2345,50,55.0,A1 - 48/23,FCE0254,2142.0,672,AGENTES INFECCIOSOS
02,2022.2,CESAR LIGNELLI (30h),2T23 (25/10/2022 - 18/02/2023),1,1.0,a definir,PPGCEN0076,3615.0,842,PRÁTICA DOCENTE EM ARTES CÊNICAS 3
04,2022.2,CARLOS ROSANO PENA (60h),24T45,28,50.0,PJC BT 020,ADM0187,500.0,327,MICROECONOMIA APLICADA
05,2022.2,ULISDETE RODRIGUES DE SOUZA RODRIGUES (30h),7T45 (25/10/2022 - 18/02/2023),1,1.0,Sala do professor,PPGL3667,4235.0,1495,METODOLOGIA DE PESQUISA E ELABORAÇÃO DE PROJETOS
01,2022.2,ANDREA FERNANDES CONSIDERA (60h),5T2345,9,16.0,FCI 120/121,FCI0042,2279.0,674,MUSEOLOGIA E PRESERVAÇÃO 1
05,2022.2,VICENTE DE PAULO MARTINS (60h),3T2345,40,40.0,BSA S B2 47/10,CEL0050,3039.0,455,MICROBIOLOGIA BASICA
09,2022.2,DANIELA MARA DE OLIVEIRA (60h),24M5  24T1,0,5.0,A definir,GEM0033,3125.0,455,ESTAGIO EM MORFOLOGIA E MORFOGENESE
03,2022.2,MARINEY PEREIRA CONCEICAO (60h),7T2345,72,75.0,BSA S A1 16/22,LET0331,1345.0,574,INGLÊS INSTRUMENTAL 1
01,2022.2,MARIANNA ASSUNCAO FIGUEIREDO HOLANDA (30h),6M34,23,50.0,A1 42/33,FCE0012,2015.0,672,BIOÉTICA E SAÚDE COLETIVA
03,2022.2,SIMONE RODRIGUES PINTO (60h),24T23,49,50.0,BSA N A1 22/4,ELA0007,287.0,479,POLÍTICA E ESTADO NAS AMÉRICAS
01,2022.2,MARCIA RENATA MORTARI (180h),7M12345  7T123456,18,35.0,ICC BT 012/62,CEL0007,3029.0,455,ESTÁGIO PROFISSIONAL EM BIOTECNOLOGIA
02,2022.2,JOSE AUGUSTO LEITAO DRUMMOND (60h),6M1234 (25/10/2022 - 18/02/2023),14,20.0,SALA ARATICUM/CDS,PPGCDS2174,3856.0,1487,OFICINA DE ESCRITA CIENTÍFICA
02,2022.2,ROBSON OLIVEIRA DORNELAS (15h),4T23,13,13.0,BSA S B2 34/10,FMD0050,2569.0,402,PSICOLOGIA MÉDICA 4
22,2022.2,ELIZABETH QUEIROZ (30h),7N12 (25/10/2022 - 18/02/2023),1,10.0,A Definir,PSICC3445,4406.0,986,ESTUDO E PESQUISA DE DISSERTAÇÃO EM PSICOLOGIA CLÍNICA E CULTURA 1
13,2022.2,MARIA DE NAZARE KLAUTAU GUIMARAES (60h),7N1234,0,5.0,Local à definir.,ICB0214,3154.0,455,ESTÁGIO SUPERVISIONADO EM BIOLOGIA 1
JM,2022.2,MARIA DO SOCORRO FERREIRA DA SILVA (30h),6M1234 (25/10/2022 - 18/02/2023),9,25.0,A Designar,PPGGEA0438,4127.0,1493,SEMINÁRIO EM GEOGRAFIA
01,2022.2,MARCUS FLÁVIO HORTA CALDEIRA (60h),24M34,55,60.0,FD 1º Andar A1-10,FDD0045,2340.0,370,DIREITO PROCESSUAL CIVIL 1
02,2022.2,JOSE AUGUSTO FIORUCCI (60h),7M1234,1,1.0,Local informado por e-mail,EST0051,1057.0,514,ANÁLISE DE SÉRIES TEMPORAIS
02,2022.2,CECILIA WAICHERT MONTEIRO (30h),3T2345,36,40.0,BSA S BT 41/10,ZOO0013,3172.0,455,ZOOLOGIA INVERTEBRADOS
02,2022.2,PAULO EDUARDO DE BRITO (15h),4M34,42,50.0,"A1 42/32  UAC, FUP",FAR0035,310.0,678,CIÊNCIA ALÉM DA CIÊNCIA
04,2022.2,FABIO COMES DE CASTRO (60h),35T23,39,45.0,DT 43-15,ENM0120,249.0,449,MECANICA 1
04,2022.2,MARINEY PEREIRA CONCEICAO (60h),6M1234,71,75.0,BSA S A2 16/22,LET0331,1345.0,574,INGLÊS INSTRUMENTAL 1
06,2022.2,MARTINO GARONZI (30h),235M34,55,65.0,2M34(ICC ANF. 3) 35M34(ICC ANF.14),MAT0025,420.0,518,CÁLCULO 1
01,2022.2,MARCO ANTONIO BRASIL TERADA (60h),24T45,15,40.0,FT BT-16/15,ENE0265,985.0,443,TOPICOS ESPECIAIS EM TELECOMUNICACOES
02,2022.2,JORLANDIO FRANCISCO FELIX (60h),35N34 (25/10/2022 - 18/02/2023),3,20.0,IF,PPGFIS3352,4108.0,985,TÓPICOS DE FÍSICA 2
01,2022.2,CESAR LIGNELLI (45h),,21,45.0,MULTIPOLO,IDA0306,2951.0,485,ARTE E CULTURA POPULAR
02,2022.2,SAMUEL JOSE SIMON RODRIGUES (60h),2345N3 (25/10/2022 - 18/02/2023),0,3.0,módulo 20 - ICC Norte,PPGFIL0008,4072.0,917,ORIENTAÇÃO DE PROJETO
01,2022.2,ELAINE RABELO NEIVA (60h),24M34,27,30.0,2M34 AT141   - 4M34 CSS009/39,PST0051,3416.0,583,PSICOLOGIA DAS ORGANIZAÇÕES
02,2022.2,FLAVIO MURILO PEREIRA DA COSTA (60h),4M1234,12,50.0,"A1 48/50 UAC, FUP",FUP0309,2695.0,666,SISTEMAS DE PRODUÇÃO DE MATÉRIAS-PRIMAS ANIMAIS
01,2022.2,RODRIGO BONIFACIO DE ALMEIDA (60h),35M34 (25/10/2022 - 18/02/2023),25,30.0,Sala CIDA Módulo 14 ICC,PPGI2223,4198.0,895,PROJETO E COMPLEXIDADE DE ALGORITMOS
06,2022.2,ELIANA RIGOTTO LAZZARINI (30h),6N12 (25/10/2022 - 18/02/2023),0,10.0,A Definir,PSICC0225,4400.0,986,ESTUDO E PESQUISA DE TESE EM PSICOLOGIA CLÍNICA E CULTURA 1
03,2022.2,DELMARY VASCONCELOS DE ABREU (15h),3M1 (25/10/2022 - 18/02/2023),1,1.0,Sala PPGMUS,PPG0094,4332.0,873,PESQUISA DIRIGIDA 4
02,2022.2,REGINA DE SOUZA MANICOBA (60h),24T45,38,40.0,PAT AT 052,GEA0041,1111.0,555,GEOGRAFIA HUMANA E ECONÔMICA
01,2022.2,CAROLINA MADEIRA LUCCI (30h),35M34,27,40.0,BSA S BT 11/10,CFS0049,3080.0,455,FISIOLOGIA ANIMAL 2
14,2022.2,VERONICA DE BARROS SLOBODIAN MOTTA (60h),23M5  23T1,0,3.0,Laboratório de Ictiologia Sistemática,ICB0214,3154.0,455,ESTÁGIO SUPERVISIONADO EM BIOLOGIA 1
01,2022.2,ANA VALERIA MACHADO MENDONCA (15h),4N1234,20,30.0,BSA S BT 47/10,DSC0016,1726.0,420,EDUCAÇÃO EM SAÚDE
04,2022.2,JANETTE RIBEIRO DORNELLAS (30h),6M34,10,16.0,AT - 17/12 - Samambaia,MUS0086,1426.0,495,LABORATÓRIO DE PERFORMANCE
01,2022.2,CAIO CESAR DE MEDEIROS COSTA (60h),35N12,39,50.0,PJC BT 124,ADM0017,485.0,327,GESTÃO DE COMPRAS PÚBLICAS
01,2022.2,JOSE HENRIQUE LEAL ARAUJO (15h),34M3,45,45.0,3M3=AUD.1 HUB / 4M3 AUD. NMT,FMD0056,2575.0,402,URGÊNCIA E EMERGÊNCIA 3
02,2022.2,THIAGO BLANCH PIRES (60h),35T23,32,35.0,BSA S B1 54/10,LET0260,1325.0,574,INGLES: EXPRESSAO ESCRITA 2
01,2022.2,JONAS WILSON PEGORARO (60h),24M34,32,40.0,PJC BT 036,HIS0100,1143.0,559,HISTÓRIA DO BRASIL 1
02,2022.2,CHENIA ROCHA FIGUEIREDO AVILA (30h),5M12 (25/10/2022 - 18/02/2023),10,11.0,térreo - sala 01,PPGFAU2126,3601.0,927,"ESTUDOS ESPECIAIS EM TECNOLOGIA, AMBIENTE E SUSTENTABILIDADE 1"
02,2022.2,BERNARDO DE ASSUNCAO MELLO (30h),3M5  3T1,19,40.0,ICC B1 244,IFD0004,3197.0,524,FÍSICA ZERO
02,2022.2,HELENA FERREIRA MOURA (15h),5M12,23,23.0,BSA S B2  41/10,FMD0040,2560.0,402,PSICOLOGIA MÉDICA 6
04,2022.2,PATRICIA DE SOUZA REZENDE ANDERLE (30h),7T45,49,59.0,AT 42/50,FCE0189,2103.0,672,SEMINÁRIO INTEGRATIVO 1
02,2022.2,CAROLINA AMANCIO LOULY SASAKI (15h),2345N2 67N123,9,8.0,Local de estágio,NUT0057,1630.0,424,ESTÁGIO SUPERVISIONADO EM NUTRIÇÃO CLÍNICA
01,2022.2,PAULA ELAINE DINIZ DOS REIS (8h),4M34,41,43.0,BSA S BT 19/10,ENF0047,796.0,422,CONTEXTUALIZAÇÃO DA ENFERMAGEM NA SAÚDE
06,2022.2,MARIA DA GLORIA MAGALHAES DOS REIS (30h),7M34 (25/10/2022 - 18/02/2023),1,1.0,Darcy Ribeiro,POSLIT0305,4251.0,987,ESTÁGIO DOCENTE 2
03,2022.2,FERNANDA LETICIA FRATES CAUDURO (30h),5M12,8,8.0,BSA S BT 19/10,ENF0061,803.0,422,VIVÊNCIAS INTEGRADORAS 3
01,2022.2,CARLOS EDUARDO DOS SANTOS (90h),23456M12345  234T1,10,10.0,HUB,FCE0184,2100.0,672,ESTÁGIO CURRICULAR SUPERVISIONADO EM ENFERMAGEM 2
01,2022.2,MURILO SILVA DE CAMARGO (60h),2N1234,28,30.0,PJC BT 005,CEM0015,43.0,650,"UNIVERSIDADE, SOCIEDADE E ESTADO"
03,2022.2,PEDRO PAULO MURCE MENEZES CAVALCANTE (60h),24M12,36,50.0,PJC BT 021,ADM0041,490.0,327,GESTÃO DE PESSOAS EM ORGANIZAÇÕES
03,2022.2,MONICA CASTAGNA MOLINA (30h),6T56 (25/10/2022 - 18/02/2023),1,5.0,"A1 19/63 UAC, FUP",MADER0019,4316.0,996,ESTÁGIO EM DOCÊNCIA
01,2022.2,UGO SILVA DIAS (60h),24M12,4,4.0,Sala de Aula do Espaço Sérgio Barroso,DPG1100,87.0,170,TÓPICOS EM REDES DE COMUNICAÇÃO 2
03,2022.2,JOAQUIM JOSE SOARES NETO (60h),3N12 4N34,14,50.0,ICC BT 552,IFD0340,3250.0,524,FUNDAMENTOS DE FÍSICA
45,2022.2,CARLOS DENNER DOS SANTOS JUNIOR (60h),35M5  35T1,0,5.0,Darcy Ribeiro,ADM0297,511.0,327,ELABORAÇÃO DE TRABALHO DE CURSO
06,2022.2,DIRCE BELLEZI GUILHEM (30h),7M5  7T1,0,2.0,A definir,ENF0007,792.0,422,ESTUDOS ORIENTADOS EM PESQUISA EM SAÚDE E ENFERMAGEM 1
01,2022.2,ALFREDO FERES NETO (60h),24T45,47,55.0,FEF 41,FEF0232,2498.0,393,FUNDAMENTOS HISTÓRICO FILOSÓFICO DA EDUCAÇÃO FÍSICA
14,2022.2,PAVEL ZALESSKI (60h),24T45,66,70.0,ICC ANF. 2,MAT0031,424.0,518,INTRODUCAO A ALGEBRA LINEAR
02,2022.2,MARCELO DE MACEDO BRIGIDO (30h),25M34,34,40.0,BSA S B2 47/10,CEL0095,3061.0,455,BIOLOGIA MOLECULAR
01,2022.2,SELMA APARECIDA SOUZA KUCKELHAUS (60h),23456M1234  2T23,41,44.0,B2 116/13 (FM),FMD0019,2541.0,402,MORFOFUNCIONAL 2
01,2022.2,FABIO IGLESIAS (60h),6M1234 (25/10/2022 - 18/02/2023),13,20.0,CSS 009/39,PSICC0073,4399.0,986,MÉTODOS INFERENCIAIS EM PSICOLOGIA CLÍNICA
01,2022.2,JONAS DE LIMA SALES (60h),3N1234,19,26.0,B1-51,CEN0008,545.0,492,CORPOREIDADES BRASILEIRAS
01,2022.2,JOSE ANTONIO VIEIRA PIMENTA (30h),5T23 (25/10/2022 - 18/02/2023),11,20.0,CDS,PPGPCTS0016,4527.0,1504,TÓPICOS ESPECIAIS 1
03,2022.2,NADJAR NITZ SILVA LOCIKS DE ARAUJO (15h),35T23,21,22.0,3T23 = Auditório NMT,FMD0034,2554.0,402,PARASITOLOGIA MÉDICA
09,2022.2,FRANCISCO MOACIR DE MELO CATUNDA MARTINS (60h),7T1234 (25/10/2022 - 18/02/2023),0,10.0,A DEFINIR,PSICC0250,4404.0,986,ESTÁGIO SUPERVISIONADO EM PRÁTICA DE ENSINO EM PSICOLOGIA CLÍNICA 2
02,2022.2,ROBERTO BRANDAO CAVALCANTI (30h),35M34,51,51.0,BSA S BT 26/10,ZOO0049,3181.0,455,DIVERSIDADE ANIMAL
01,2022.2,SONIA MARIA CALDEIRA PAIVA (90h),35M345,16,21.0,BT-16,CEN0042,554.0,492,DIRECAO 1
01,2022.2,Joshua Ferreira Sabino (60h),35N34,16,20.0,ICC AT- 163/8,LET0106,1283.0,574,LINGUA JAPONESA 1
02,2022.2,JEREMIE GARNIER (15h),4M12,10,15.0,ICC AT 361/19,IGD0142,3302.0,533,GEOQUÍMICA ANALÍTICA
03,2022.2,LUCIANA DA COSTA DIAS (60h),,7,20.0,CUIABÁ/MT,IDA0012,2945.0,485,METODOLOGIA DE PESQUISA EM ARTES CÊNICAS
03,2022.2,KATIA AUGUSTA CURADO PINHEIRO CORDEIRO DA SILVA (20h),4T2345,13,15.0,FE5- Sala 8,FED0044,2393.0,381,"PROJETOS DE ENSINO, PESQUISA E EXTENSÃO"
01,2022.2,MARGO GOMES DE OLIVEIRA KARNIKOWSKI (30h),5T45,37,50.0,UAC A1 48/20,FCE0381,2229.0,672,FARMÁCIA CLÍNICA E ATENÇÃO FARMACÊUTICA
02,2022.2,ANTONIO CARLOS DE OLIVEIRA MIRANDA (60h),24T23,21,20.0,SG-12/AT-26/14,ENC0132,848.0,437,MECANICA DOS SOLIDOS 1
03,2022.2,ANA PAULA CAMPOS GURGEL (60h),35T23,33,33.0,Térreo - Sala 02,TAU0006,1821.0,362,HISTORIA DA ARQUITETURA E DA ARTE 2
01,2022.2,ANTONIO LUIZ DA SILVA JUNIOR (60h),35N12,25,30.0,BSA S BT 26/10,LET0355,1356.0,574,METODOS DE ENSINO DO ESPANHOL COMO SEGUNDA LÍNGUA
01,2022.2,MARCELO NAVARRO RIBEIRO DANTAS (60h),24M34,45,60.0,FD Térreo AT-07,FDD0051,2343.0,370,DIREITO PROCESSUAL PENAL 2
20,2022.2,PRISCILA ROSSINETTI RUFINONI (60h),2345M1 (25/10/2022 - 18/02/2023),2,3.0,módulo 20 - ICC Norte,PPGFIL3068,4078.0,917,SEMINÁRIO TUTORIAL 2/QUALIFICAÇÃO
03,2022.2,TANIA CRISTINA DA SILVA CRUZ (30h),3T2345,53,60.0,CDT - Auditório,FTD0007,2786.0,429,INTRODUCAO A ATIVIDADE EMPRESARIAL
01,2022.2,MARCUS VINICIUS BATISTUTA (60h),35T45,14,60.0,FGA - SALA I3,FGA0101,2847.0,673,TEORIA DE FÍSICA DOS DISPOSITIVOS ELETRÔNICOS
01,2022.2,LUISIANE DE AVILA SANTANA (21h),5M1234,17,17.0,UAC A1 42/43 e Lab. de Habilidades Terapêuticas,FCE0290,2168.0,672,FISIOTERAPIA NA ATENÇÃO DE MÉDIA COMPLEXIDADE: RECURSOS TERAPÊUTICOS
07,2022.2,DANIEL JUNQUEIRA TARQUINIO (30h),6N34,1,1.0,MUS SG2 Sala de Piano,MUS0745,1563.0,495,FUNDAMENTOS DA TÉCNICA VOCAL/INSTRUMENTAL 1
01,2022.2,PAULO CARLOS DU PIN CALMON (60h),35M34,18,50.0,BSA N A1 19/41,POL0065,2998.0,668,TÓPICOS ESPECIAIS EM CIÊNCIA POLÍTICA 3
06,2022.2,ELUIZA ALBERTO DE MORAIS WATANABE (60h),24M5  24T1,0,4.0,Darcy Ribeiro,ADM0297,511.0,327,ELABORAÇÃO DE TRABALHO DE CURSO
01,2022.2,LUIZ ANTONIO SOARES ROMEIRO (15h),3N1 (25/10/2022 - 18/02/2023),3,10.0,Campus Universitário Darcy Ribeiro -prédio DPI/CDT,PROFNIT0009,4388.0,978,SEMINÁRIO INTEGRADOR
01,2022.2,LUCIANA DE MELLO GOMIDE (60h),3N1234,22,40.0,FE1- Sala 1,TEF0022,2441.0,381,FILOSOFIA DA EDUCACAO 2
16,2022.2,MARCOS AURELIO FERNANDES (60h),2M1234 (25/10/2022 - 18/02/2023),2,3.0,Módulo 20 - ICC Norte,PPGFIL3068,4078.0,917,SEMINÁRIO TUTORIAL 2/QUALIFICAÇÃO
03,2022.2,RITA DE CASSIA MARQUETI DURIGAN (30h),7M12,0,2.0,UAC,PPGCR3008,3722.0,898,PRÁTICAS DE CAPACITAÇÃO DOCENTE
01,2022.2,ERCILIA TORRES STEINKE (90h),,66,70.0,MULTIPOLO,ICH0058,3196.0,544,MÉTODOS E TÉCNICAS DE PESQUISA EM GEOGRAFIA
01,2022.2,MARCELO ANTONIO MAROTTA (60h),6M1234 (10/10/2022 - 25/02/2023),3,25.0,A definir,PPGI0183,4197.0,895,PESQUISA OPERACIONAL
01,2022.2,FLAVIA REIS DE ANDRADE (60h),5M1234,44,55.0,UAC A1 42/10,FCE0013,2016.0,672,DEMOGRAFIA E BIOESTATÍSTICA EM SAÚDE COLETIVA
01,2022.2,SERGIO RIBEIRO DE AGUIAR SANTOS (60h),3T45 5T23,20,23.0,FAC,DAP0118,133.0,351,"ROTEIRO, PRODUÇÃO E REALIZAÇÃO EM ÁUDIO"
04,2022.2,LUCELIA LUIZ PEREIRA (240h),7M12345  7T123456  27N12,7,9.0,PJC BT 044,SER0107,1782.0,563,ESTÁGIO EM SERVIÇO SOCIAL 1
01,2022.2,RENATO TARCISO BARBOSA DE SOUSA (60h),24N12,26,42.0,FCI SL 214,FCI0120,2311.0,674,CLASSIFICAÇÃO ARQUIVÍSTICA
05,2022.2,FRANCISCO EVANGELISTA JUNIOR (60h),5N1234,1,10.0,SG-12,PPCE0240,4048.0,829,ESTUDO DIRIGIDO EM ESTRUTURAS E CONSTRUÇÃO CIVIL
08,2022.2,MARCIO MUNIZ DE FARIAS (15h),6T6,3,40.0,AT - 23/11,PPGG0206,4161.0,901,SEMINÁRIO EM GEOTECNIA 1
01,2022.2,ELEN PRESOTTO (30h),7N1234,30,40.0,ICC B1 242,FAV0012,1883.0,363,ESTÁGIO SUPERVISIONADO 2
02,2022.2,MARIA HOSANA CONCEICAO (30h),2N12 (25/10/2022 - 18/02/2023),4,15.0,Campus Universitário Darcy Ribeiro -prédio DPI/CDT,PROFNIT0027,4390.0,978,INTRODUÇÃO À OFICINA PROFISSIONAL
01,2022.2,FRANCISCO VALTER FREITAS (60h),3M1234,19,30.0,BSA S B1 41/10,ODT0061,1677.0,427,PERIODONTIA
02,2022.2,OSMAIR GOMES DE MACEDO (5h),4M34  3T45,18,18.0,UAC A1 48/50 laboratório de Hab. Terapêuticas UAC,FCE0226,2126.0,672,FUNDAMENTOS DE FISIOTERAPIA TROFISMO E PLASTICIDADE TECIDUAL
01,2022.2,EDUARDO LUSTOSA BELGA (90h),246T45,32,32.0,Ateliê 2,VIS0065,609.0,498,DESENHO 2
03,2022.2,GUSTAVO HENRIQUE DE ABREU SILVA (60h),6M1234,36,37.0,FE5- Sala 5,TEF0103,2448.0,381,PESQUISA EM EDUCAÇÃO 1
01,2022.2,RODRIGO ANTONIO DE MEDEIROS (30h),2T45,29,30.0,BSA S A1 16/22,ODT0003,1654.0,427,TÓPICOS COMPLEMENTARES EM PRÓTESE PARCIAL REMOVÍVEL
01,2022.2,CRISTINA ANTONIOEVNA DUNAEVA (60h),46N34,24,40.0,Sala Hugo Rodas,VIS0012,592.0,498,ARTE E ANTROPOLOGIA
SC,2022.2,DENISE OSORIO SEVERO (15h),4M1234 (25/10/2022 - 18/02/2023),5,15.0,"ULEG, Lab. Met. Ativas Térreo",PPGSCP3831,4478.0,908,"MIGRAÇÃO, SAÚDE E DIREITOS HUMANOS"
01,2022.2,FERNANDO PAIVA SCARDUA (60h),35M12,2,60.0,FGA - SALA S6,FGA0130,2863.0,673,REGULAÇÃO AMBIENTAL NO SETOR ENERGÉTICO
01,2022.2,ALBERTO CARLOS MORENO ZACONETA (15h),5T6  5N1,47,48.0,BSA S B1 11/13,FMD0036,2556.0,402,URGÊNCIA E EMERGÊNCIA 2
01,2022.2,CRISTIANO JACQUES MIOSSO RODRIGUES MENDES (60h),46M12,19,45.0,FGA - SALA MOCAP / SALA I1,FGA0219,2909.0,673,PROCESSAMENTO DE SINAIS
20,2022.2,JANETE SOARES DE GAMBOA (60h),246M12,55,66.0,ICC ANF. 3,MAT0025,420.0,518,CÁLCULO 1
02,2022.2,YARA DIAS FORTUNA (60h),24N12,33,40.0,PAT AT 093,TEL0024,1839.0,580,LITERATURA BRASILEIRA
01,2022.2,RAQUEL BRAZ ASSUNCAO BOTELHO (60h),3M1234,29,32.0,BSA S BT 47/10,NUT0089,1640.0,424,TÉCNICA DIETÉTICA 1
18,2022.2,HERIVELTO PEREIRA DE SOUZA (60h),4M1234 (25/10/2022 - 18/02/2023),1,3.0,módulo 20 - ICC Norte,PPGFIL0008,4072.0,917,ORIENTAÇÃO DE PROJETO
01,2022.2,VANDOR ROBERTO VILARDI RISSOLI (60h),35M12,39,40.0,FGA - SALA I6,FGA0060,2816.0,673,SISTEMAS DE BANCO DE DADOS 2
01,2022.2,VINICIUS RUELA PEREIRA BORGES (60h),35T45,7,8.0,A definir,CIC0227,735.0,508,PRÁTICAS EM COMPUTAÇÃO
02,2022.2,ROBSON RODRIGUES BARBOSA (60h),24N12,55,65.0,FD Térreo AT-04,FDD0249,2371.0,370,TEORIA GERAL DO ESTADO
04,2022.2,ALBERTO MASAYOSHI FARIA OHASHI (60h),24T45,52,70.0,2T45(ICC ANF. 8) 4T45(ICC ANF. 7),MAT0031,424.0,518,INTRODUCAO A ALGEBRA LINEAR
01,2022.2,VIVIANE CRISTINA VIEIRA (210h),2M34  67T23456  67N1,14,30.0,BSA N A1 07/08,LIP0004,1166.0,578,ESTÁGIO SUPERVISIONADO EM PORTUGUÊS 2
06,2022.2,ALETEIA PATRICIA FAVACHO DE ARAUJO VON PAUMGARTTEN (60h),24M34,17,20.0,PJC BT 133,CIC0087,685.0,508,TOPICOS AVANCADOS EM COMPUTADORES
01,2022.2,TIAGO SOUSA PEREIRA (60h),24N34,34,50.0,BSA S BT 19/13,ECO0272,782.0,548,MICROECONOMIA AMBIENTAL
02,2022.2,MARIA DE FATIMA MENEZES ALMEIDA SANTOS (60h),5T6  5N123 (25/10/2022 - 18/02/2023),2,8.0,A designar,PPGNANO3784,4340.0,1502,TÓPICOS ESPECIAIS EM NANOCIÊNCIA E NANOBIOTECNOLOGIA 1
16,2022.2,HERIVELTO PEREIRA DE SOUZA (60h),2345T6 (25/10/2022 - 18/02/2023),0,3.0,Módulo 20 - ICC Norte,PPGFIL0009,4073.0,917,DEFESA DE PROJETO
01,2022.2,PAULO ROBERTO ASSIS PANIAGO (25h),35T23,7,30.0,FAC,JOR0013,388.0,352,JORNALISMO CULTURAL
03,2022.2,NAIRA DA SILVA CAMPOS (30h),3M12,19,20.0,BSA S B1 34/13,FAR0186,351.0,678,ANÁLISE QUALITATIVA E QUANTITATIVA DOS FÁRMACOS PARTE PRÁTICA
16,2022.2,MARCUS VINICIUS GIRAO DE MORAIS (90h),7T123456,2,4.0,Local à definir.,ENM0130,258.0,449,PROJETO DE GRADUACAO 2
04,2022.2,JOSE ROBERTO RODRIGUES PINTO (60h),7T2345,0,5.0,Local à definir.,EFL0063,1026.0,433,PROJETO PARA TRABALHO FINAL
01,2022.2,CLAUDIA PATRICIA OCHOA DIAZ (30h),4M5  4T1,13,14.0,FGA - SALA LAB SS,FGA0071,2824.0,673,PRÁTICA DE ELETRÔNICA DIGITAL 1
01,2022.2,EMMANUEL SOUSA DE ABREU (60h),24N34,49,57.0,BSA N AT 58/41,ADM0190,501.0,327,MACROECONOMIA APLICADA
03,2022.2,MONICA GIANNOCCARO VON HUELSEN (5h),7N1,0,1.0,Área de Estágio,IGD0285,3347.0,533,PRINCÍPIOS DE GEOFÍSICA 2
02,2022.2,SYLVIA MARIA DE ARAUJO (30h),4M12  4T12,9,18.0,Lab M1 e M2,IGD0195,3321.0,533,MINERALOGIA DE NÃO SILICATOS
05,2022.2,NATALIA MARIA AGGIO (60h),6N1234 (25/10/2022 - 18/02/2023),1,2.0,A Definir,PPGCDC3311,3755.0,903,ESTÁGIO SUPERVISIONADO DE DOCÊNCIA EM CIÊNCIAS DO COMPORTAMENTO
01,2022.2,CLAUDIA MARA PEDROSA (45h),4N234,24,30.0,BSA S B1 41/10,DSC0078,1754.0,420,SEMINÁRIO INTEGRADOR EM SAÚDE COLETIVA 3
04,2022.2,EMILIO PERES FACAS (30h),4M12 (25/10/2022 - 18/02/2023),0,5.0,A designar,PPGPSTO0024,4427.0,913,"PESQUISA EM PSICOLOGIA SOCIAL, DO TRABALHO E DAS ORGANIZAÇÕES 3"
03,2022.2,EVANDRO LEONARDO SILVA TEIXEIRA (60h),35T6  35N1 (25/10/2022 - 18/02/2023),2,3.0,FGA,PPMEC2010,4499.0,912,ESTUDO DIRIGIDO
03,2022.2,ALINE TEIXEIRA ALVES (5h),5M125  5T1,16,16.0,UAC A1 48/50 e Reabilitação/Atividade Humana (UEP),FCE0293,2171.0,672,FISIOTERAPIA NA ATENÇÃO BÁSICA INTERVENÇÃO
04,2022.2,ALECSSANDRA DE FATIMA SILVA VIDUEDO (15h),4M23,5,5.0,Laboratório de Enfermagem /HRC/CS,FCE0444,2243.0,672,PRÁTICAS SUPERVISIONADAS EM ENFERMAGEM 5 NA SAÚDE DA MULHER
01,2022.2,JULIANA ROCHET WIRTH CHAIBUB PAULINO (30h),2T34 (25/10/2022 - 18/02/2023),13,12.0,FUP,FUP0106,2632.0,666,CEBEP 5: DIVERSIDADE GERACIONAL NO CAMPO
01,2022.2,FELIPE SANTIAGO AMARAL (90h),246T23,10,40.0,PAT AT 052,FIL0002,1065.0,552,TEORIAS FILOSÓFICAS DA LINGUAGEM
04,2022.2,VINICIUS RUELA PEREIRA BORGES (60h),246T23,35,43.0,PJC BT 021,CIC0004,682.0,508,ALGORITMOS E PROGRAMAÇÃO DE COMPUTADORES
01,2022.2,PRISCILA AMERICA SOLIS MENDEZ BARRETO (60h),24T23,31,50.0,PAT AT 037,CIC0124,696.0,508,REDES DE COMPUTADORES
02,2022.2,RAFAEL PLAKOUDI SOUTO MAIOR (30h),7T23 (25/10/2022 - 18/02/2023),0,3.0,Sala de Pós-graduação FIT,PPGBB3638,4083.0,947,ESTÁGIO DE DOCÊNCIA EM CIÊNCIAS BIOLÓGICAS 1
01,2022.2,LAUDIMAR ALVES DE OLIVEIRA (30h),6M12,28,33.0,LAB MET ATIVAS TÉRREO - ULEG FS,ODT0024,1663.0,427,CLÍNICA ODONTOLÓGICA 1
01,2022.2,DENISE OSORIO SEVERO (30h),3N1234,17,30.0,BSA S B1 54/10,DSC0065,1746.0,420,GESTÃO ESTRATÉGICA PARTICIPAÇÃO E CONTROLE SOCIAL EM SAÚDE
02,2022.2,MARIA HOSANA CONCEICAO (90h),7T123456,9,10.0,A DEFINIR,FCE0210,2116.0,672,PESQUISA EM NOVOS COMPOSTOS APLICADOS A SAÚDE
01,2022.2,RENATA PUPPIN ZANDONADI MAGALHAES (60h),3M1234,29,32.0,BSA S BT 47/10,NUT0089,1640.0,424,TÉCNICA DIETÉTICA 1
01,2022.2,ALCIDES GATTO (60h),5T2345 (25/10/2022 - 18/02/2023),2,5.0,EFL/FT,PPGEFL0368,3787.0,997,SOLOS DE ECOSSISTEMAS FLORESTAIS
01,2022.2,TAIS GRATIERI (90h),246M5  246T1 (25/10/2022 - 18/02/2023),1,1.0,Local à definir.,FAR0154,331.0,678,ESTÁGIO EM FARMACOTÉCNICA E COSMETOLOGIA
03,2022.2,MARCELLA LEMOS BRETTAS CARNEIRO (30h),6M5  6T1 (25/10/2022 - 18/02/2023),1,1.0,A designar,PPGNANO3029,4337.0,1502,ESTÁGIO DOCÊNCIA EM NANOCIÊNCIA E NANOBIOTECNOLOGIA 1
01,2022.2,FRANCISCO ERNESTO MORENO BERNAL (30h),5T23 (25/10/2022 - 18/02/2023),0,20.0,ICC Sul,PPGSA0358,4469.0,872,TÓPICOS ESPECIAIS EM CLÍNICA MÉDICA E CIRURGIA ANIMAL 1
01,2022.2,GRAZIELLA FRANCA BERNARDELLI CIPRIANO (18h),3M1234,17,17.0,UAC A1 42/43 e laboratório de Hab Terapêutica UAC,FCE0291,2169.0,672,FISIOTERAPIA NA ATENÇÃO DE ALTA COMPLEXIDADE: RECURSOS TERAPÊUTICOS
02,2022.2,FERNANDO CARDOSO MELO (60h),35M34,6,25.0,SG-11 A1-28/11,ENE0071,969.0,443,INSTALAÇÕES ELÉTRICAS
09,2022.2,EDSON SILVA DE FARIAS (60h),35N12,85,101.0,ICC ANF. 2,SOL0042,457.0,483,INTRODUÇÃO À SOCIOLOGIA
01,2022.2,DANIELLE DA SILVA FERNANDES (15h),3M34,36,50.0,A1 48/53,FCE0397,2233.0,672,PROCESSO DE CUIDAR EM ENFERMAGEM
01,2022.2,JACKELINE NERES BELLUCCI (60h),7M1234,690,820.0,A definir,CEM0051,51.0,650,PROMOÇÃO DA SAÚDE 3
01,2022.2,ALCIDES GATTO (60h),3T2345,23,40.0,EFL - SALA A2 - 1º ANDAR,EFL0083,1032.0,433,INTRODUÇÃO À CIÊNCIA DO SOLO
18,2022.2,DARLAN PEZ WOCIECHOSKI (60h),35N34,41,46.0,FE5- Sala 8,PAD0028,2427.0,381,ORGANIZAÇÃO DA EDUCAÇÃO BRASILEIRA
01,2022.2,ALINE SOUZA DE PAULA (30h),35M34  4T45,5,20.0,"TER e QUI: DT 34/15, QUA: LAB",ENM0109,247.0,449,VIBRACOES 1
01,2022.2,IRUENA MORAES KESSLER (15h),4M12,44,44.0,BSA S BT 47/13,FMD0021,2543.0,402,URGÊNCIA E EMERGÊNCIA 4
02,2022.2,DANIELA FAVARO GARROSSINI (60h),3M1234,3,5.0,Sala 30 - Módulo 15,DIN0112,217.0,660,TÓPICOS ESPECIAIS EM DESIGN 4
01,2022.2,JEREMIE GARNIER (30h),3T23 (25/10/2022 - 18/02/2023),1,15.0,LABGEQ,CPPGA3718,4139.0,931,GEOQUÍMICA AMBIENTAL
01,2022.2,CARLA TATIANA MOTA ANFLOR (30h),7M12 (25/10/2022 - 18/02/2023),0,5.0,verificar com o(a) docente,PPGEB2901,4006.0,959,ESTÁGIO EM DOCÊNCIA
03,2022.2,CRISTIANE GUINANCIO (120h),24M1234,41,42.0,Térreo - Ateliê 3 / Térreo - Sala 05,PRO0015,1701.0,360,PROJETO DE ARQUITETURA
02,2022.2,EURICO ANTONIO GONZALEZ CURSINO DOS SANTOS (60h),24M34,18,40.0,PJC BT 085,SOL0130,472.0,483,TEORIAS SOCIOLÓGICAS CLÁSSICAS II
02,2022.2,MARCELA RODRIGUES MACHADO (30h),35M34  4T23,6,20.0,"TER e QUI: DT 34/15, QUA: LAB",ENM0109,247.0,449,VIBRACOES 1
04,2022.2,RODRIGO GURGEL GONCALVES (15h),3T23 5T45,9,9.0,3T23 = Auditório NMT,FMD0034,2554.0,402,PARASITOLOGIA MÉDICA
03,2022.2,MAÍSA MIRANDA ARAÚJO (15h),4M1234 6M34,21,32.0,FS - Auditório 1,NUT0097,1645.0,424,NUTRIÇÃO CLÍNICA E DIETOTERAPIA
02,2022.2,FLAVIO MURILO PEREIRA DA COSTA (60h),6M1234,3,50.0,"A1 48/50 UAC, FUP",FUP0292,2687.0,666,SISTEMAS DE PRODUÇÃO DE MATÉRIAS-PRIMAS VEGETAIS
01,2022.2,VANESSA VEIS RIBEIRO (15h),36M12,26,36.0,AT -  41/33,FCE0121,2065.0,672,VIVÊNCIAS EM SAÚDE FONOAUDIOLÓGICA
01,2022.2,WILLIE OLIVEIRA PINHEIRO (30h),4T2345,40,40.0,ICC AT 118/7,CEL0011,3032.0,455,TECNOLOGIA DE BIOPROCESSOS E FERMENTAÇÃO
03,2022.2,ANDRE RIBEIRO DA SILVA (30h),2N34 (25/10/2022 - 18/02/2023),3,3.0,A combinar com o orientador,PPGCDC0133,3749.0,903,ESTUDO TEMÁTICO EM COGNIÇÃO E NEUROCIÊNCIAS
01,2022.2,ERICA NEGRINI LIA (30h),4M34,21,30.0,BSA S BT 26/10,ODT0034,1670.0,427,ODONTOPEDIATRIA 1
08,2022.2,KATIA CRISTINA TAROUQUELLA RODRIGUES BRASIL (60h),36M34,27,30.0,BSA S B1 34/10,PCL0015,3361.0,583,PSICOLOGIA DA PERSONALIDADE 1
01,2022.2,TIAGO QUIROGA FAUSTO NETO (60h),6M1234 (25/10/2022 - 18/02/2023),11,30.0,FAC,PPGC0373,3841.0,841,TÓPICOS ESPECIAIS EM COMUNICAÇÃO 2
04,2022.2,MARIA CECILIA FILGUEIRAS LIMA GABRIELE (60h),2345T1,0,4.0,Local à definir.,PRO0039,1714.0,360,INTRODUÇÃO AO TRABALHO FINAL DE GRADUAÇÃO
A,2022.2,MARCELLO FERREIRA (60h),3M1234 (25/10/2022 - 18/02/2023),2,20.0,A definir,MNPEF0015,4027.0,1506,ESTÁGIO SUPERVISIONADO EM ENSINO DE FÍSICA
12,2022.2,PAULO ROBERTO CARVALHO TAVARES (30h),7N34 (25/10/2022 - 18/02/2023),1,1.0,a definir,PPGFAU2132,3604.0,927,TRABALHO PROGRAMADO 1
01,2022.2,GLADSTON LUIZ DA SILVA (60h),46M34,30,50.0,BSA N AT 09/41,EST0045,1055.0,514,CONTROLE ESTATISTICO DE QUALIDADE
01,2022.2,ELYESER SZTURM (60h),46T23,14,25.0,sala Hugo Rodas e auditório,VIS0255,631.0,498,HISTORIA DA ARTE CONTEMPORANEA
01,2022.2,FABIO ZANCHETTA (60h),35M34,8,30.0,FT/ENC/CT-52/15,ENC0225,875.0,437,AVALIACAO ECONOMICA DE PROJETOS EM ENGENHARIA CIVIL
01,2022.2,FRANCISCO ASSIS DE OLIVEIRA NASCIMENTO (60h),35T23 (25/10/2022 - 18/02/2023),5,20.0,Sala de Aula do Espaço Sérgio Barroso,PPGEE2166,4011.0,948,PROCESSOS ESTOCÁSTICOS
03,2022.2,LUISIANE DE AVILA SANTANA (10h),3M5  2T45 3T1,16,16.0,UAC AT 48/40 e Lab. de Habilidades Terapêuticas,FCE0300,2178.0,672,FISIOTERAPIA NO PROCESSO DE REABILITAÇÃO: INTERVENÇÃO
ODT,2022.2,EVELYN MIKAELA KOGAWA (45h),2T234 (25/10/2022 - 18/02/2023),8,15.0,Laboratório de Apoio ao Ensino da ODT (AN 101),PPGODT0019,4354.0,907,MÉTODOS DE PESQUISA EM BIOMATERIAIS
02,2022.2,DUCINELI REGIS BOTELHO (60h),35M34,57,60.0,BSA N A1 29/41,CCA0103,671.0,333,INTRODUÇÃO À CONTABILIDADE
01,2022.2,ANA MANSUR DE OLIVEIRA (90h),2T123456,20,20.0,Sala 40 - Módulo 15,DIN0040,198.0,660,PROGRAMACAO VISUAL 1
06,2022.2,SERGIO KOIDE (30h),7M34,4,4.0,Local à definir.,ENC0030,833.0,437,PROJETO FINAL EM ENGENHARIA AMBIENTAL 2
02,2022.2,CARLA RUFFEIL MOREIRA MESQUITA (30h),6M12  2T45,25,30.0,BSA S B1 11/10,ODT0154,1685.0,427,CLÍNICA ODONTOLÓGICA 4
26,2022.2,MAURICIO DA SILVA NEUBERN (30h),5N34 (25/10/2022 - 18/02/2023),0,10.0,a designar,PSICC0228,4403.0,986,ESTUDO E PESQUISA DE TESE EM PSICOLOGIA CLÍNICA E CULTURA 4
02,2022.2,LIVIA SANTOS BRISOLLA (30h),6N34,6,40.0,PAT AT,CIC0218,732.0,508,SUPERVISÃO DE ESTÁGIO EM LICENCIATURA EM COMPUTAÇÃO 1
01,2022.2,RONNE TOLEDO (60h),24M34,23,30.0,FGA - CONTAINER Nº 17,FGA0008,2792.0,673,SISTEMAS AEROESPACIAIS
01,2022.2,MARCO ANTONIO CACADOR MARTINS FERREIRA (30h),2N1234,37,40.0,ICC AT 366/8,IGD0167,3311.0,533,FUNDAMENTOS DA HISTÓRIA DA TERRA
07,2022.2,FRANCISCO JAVIER CONTRERAS PINEDA (30h),7M5  7T1,2,2.0,A definir,ENC0025,830.0,437,ESTÁGIO CURRICULAR EM ENGENHARIA AMBIENTAL
06,2022.2,RAQUEL MARIA DE MELO (30h),2N12 (25/10/2022 - 18/02/2023),1,5.0,A Definir,PPGCDC0097,3743.0,903,ESTUDO DIRIGIDO INDIVIDUAL EM ANÁLISE DO COMPORTAMENTO
01,2022.2,ANDREA PEDROSA RIBEIRO ALVES OLIVEIRA (30h),35M1234,44,44.0,BSA S B1 11/13; BT 112/17-FM e B1 29/17 CIEX,FMD0058,2577.0,402,SAÚDE DO ADULTO
11,2022.2,CLODOALDO RODRIGUES DA COSTA JUNIOR (60h),35M12,43,50.0,ICC BT 552,IFD0171,3231.0,524,FISICA 1
03,2022.2,MONIQUE APARECIDA VOLTARELLI (60h),5M1234,43,45.0,FE 5 - Sala 04,MTC0039,2416.0,381,EDUCAÇÃO INFANTIL
01,2022.2,ENNIO MARQUES PALMEIRA (30h),6M34,9,40.0,AT - 23/11,PPGG0327,4169.0,901,GEOSSINTÉTICOS EM GEOTECNIA E MEIO AMBIENTE
01,2022.2,ROSANGELA AZEVEDO CORREA (60h),6T2345,17,40.0,FE 5 - Sala 07,TEF0082,2445.0,381,FUNDAMENTOS DA EDUCAÇÃO AMBIENTAL
01,2022.2,EDSON MINTSU HUNG (60h),24M34,50,66.0,FT BT-13/15 (Auditório),ENE0039,953.0,443,SISTEMAS DIGITAIS
12,2022.2,MARIANA PENNA LIMA VITENTI (90h),236M12,1,1.0,A definir,IFD0058,3224.0,524,TRABALHO DE CONCLUSÃO DE CURSO
17,2022.2,ALEXANDRE HAHN (60h),2345N3 (25/10/2022 - 18/02/2023),1,3.0,Módulo 20 - ICC Norte,PPGFIL0009,4073.0,917,DEFESA DE PROJETO
04,2022.2,ANA SUELLY ARRUDA CAMARA CABRAL (60h),2M2345 (25/10/2022 - 18/02/2023),7,9.0,Campo,PPGL0157,4217.0,1495,TRABALHO DE CAMPO 1
07,2022.2,JOSE LUIS TERUEL CARRETERO (30h),35M12,58,65.0,ICC ANF.19,MAT0022,418.0,518,MATEMATICA 1
05,2022.2,DANIELA SCHEINKMAN CHATELARD (30h),7N34 (25/10/2022 - 18/02/2023),1,10.0,A DEFINIR,PSICC3446,4407.0,986,ESTUDO E PESQUISA DE DISSERTAÇÃO EM PSICOLOGIA CLÍNICA E CULTURA 2
05,2022.2,LUANA CRISTINA CAMARGO (30h),24M12,25,40.0,BSA S B2 34/10,CFS0039,3077.0,455,ELEMENTOS DE FISIOLOGIA 2
ENF,2022.2,ELAINE BARROS FERREIRA (30h),56T6 (25/10/2022 - 18/02/2023),19,19.0,Sala de Informática Menor (ULEG),PPGENF0006,3989.0,843,TECNOLOGIAS DO CUIDADO
01,2022.2,LUIZ FELIPE DE CAMPOS LOBATO (150h),23M12345 45M1234 6M12,40,50.0,HUB,FMD0031,2552.0,402,INTERNATO 
12,2022.2,STEPHEN GRANT BAINES (30h),4M12 (25/10/2022 - 18/02/2023),0,5.0,Prédio Multiuso II - Térreo e Primeiro Piso (UnB),PPGECSA3862,4062.0,1225,SEMINÁRIO DE ELABORAÇÃO DE TESE 1
03,2022.2,JANICE LISBOA DE MARCO (30h),3M34  5T45,15,40.0,BSA S BT 19/10,FAR0141,327.0,678,ENZIMOLOGIA E TECNOLOGIA DE FERMENTAÇÃO
01,2022.2,TIAGO ELIAS MUNDIM (90h),35M345,24,28.0,BSS-59,CEN0173,567.0,492,INTERPRETAÇÃO TEATRAL 3
02,2022.2,ANDERSON JOSE COSTA SENA (30h),4T23,13,14.0,FGA - SALA LAB NEI 2,FGA0071,2824.0,673,PRÁTICA DE ELETRÔNICA DIGITAL 1
14,2022.2,ISABEL BELLONI SCHMIDT (90h),456M5  456T1,0,10.0,Local à definir.,ICB0219,3155.0,455,ESTÁGIO SUPERVISIONADO EM BIOLOGIA 2
45,2022.2,SILENE DE PAULINO LOZZI (60h),7M1345,0,5.0,A definir,ICB0214,3154.0,455,ESTÁGIO SUPERVISIONADO EM BIOLOGIA 1
21,2022.2,SERGIO EDUARDO SILVA DE OLIVEIRA (30h),5N34 (25/10/2022 - 18/02/2023),0,10.0,A Definir,PSICC0228,4403.0,986,ESTUDO E PESQUISA DE TESE EM PSICOLOGIA CLÍNICA E CULTURA 4
01,2022.2,EDNA DIAS CANEDO (60h),35T23 (25/10/2022 - 18/02/2023),7,25.0,A definir,PPGI0133,4196.0,895,REQUISITOS DE SOFTWARE
02,2022.2,CRISTHIAN TEOFILO DA SILVA (60h),5T2345 (25/10/2022 - 18/02/2023),18,30.0,Prédio Multiuso II - Térreo e Primeiro Piso (UnB),PPGECSA1862,4052.0,1225,PARADIGMAS EM CIÊNCIAS SOCIAIS
02,2022.2,JOSE ALVES DANTAS (60h),24N34,46,51.0,PAT AT 108,CCA0026,644.0,333,AUDITORIA 2
01,2022.2,EVELYN MIKAELA KOGAWA (30h),5T24,29,30.0,UNIDADE DE SAÚDE BUCAL - HUB,ODT0159,1690.0,427,PROTESE TOTAL REMOVÍVEL
02,2022.2,MICHELLE SOUZA VILELA (30h),7M34 (25/10/2022 - 18/02/2023),1,1.0,UnB,CPPGA0343,3569.0,854,ESTÁGIO DOCÊNCIA  2
01,2022.2,ALEXANDRE FLAVIO SILVA ANDRADA (60h),5T2345 (25/10/2022 - 18/02/2023),7,27.0,FACE - SALA 06/10,PPGECO0006,3925.0,1198,ECONOMIA POLÍTICA LATINO-AMERICANA
01,2022.2,CYNTHIA RONCAGLIO (60h),24N34,30,31.0,BSA N A1 22/4,FCI0068,2296.0,674,ARQUIVO PERMANENTE 2
01,2022.2,PAULO SERGIO DA SILVA CALDAS (60h),35T45,9,58.0,ICC BT 620,IFD0179,3235.0,524,FISICA 3
02,2022.2,CRISTIANE DE ASSIS PORTELA (120h),24M1234,25,40.0,PJC BT 068,HIS0210,1160.0,559,PRÁTICA DE ENSINO DE HISTÓRIA 1
01,2022.2,FLAVIA REIS DE ANDRADE (150h),24M1234 6M12,15,15.0,presencial,FCE0334,2201.0,672,ESTÁGIO SUPERVISIONADO EM SAÚDE COLETIVA 1
02,2022.2,RAFAEL SANTOS SANTANA (30h),7M1234  4T6  4N1 (25/10/2022 - 18/02/2023),13,20.0,,FAR0121,318.0,678,ESTÁGIO EM PESQUISA E POLÍTICA DE MEDICAMENTOS
03,2022.2,POLIANA REZENDE SOARES RODRIGUES (60h),3T2345,38,40.0,FE5- Sala 8,TEF0147,2455.0,381,EDUCAÇÃO DAS RELAÇÕES ÉTNICO-RACIAIS
01,2022.2,ALESSANDRA RAMOS DE OLIVEIRA HARDEN (60h),6M1234 (25/10/2022 - 18/02/2023),8,8.0,"Sala 4, Módulo 7 BSS/ICC Darcy Ribeiro",POSTRAD2090,4067.0,1494,HISTÓRIA DA TRADUÇÃO
01,2022.2,JOAO DE MELO MARICATO (60h),35M34,22,40.0,FCI - LICI 02,FCI0025,2266.0,674,BIBLIOGRAFIA
01,2022.2,CRISTIANE GOMES BARRETO (60h),3T2345 (25/10/2022 - 18/02/2023),4,6.0,SALA ARATICUM/CDS,PPGCDS3874,3865.0,1487,CIÊNCIA E GESTÃO DA SUSTENTABILIDADE
01,2022.2,MARCELO FERNANDES FURTADO (30h),3M5  3T1 (25/10/2022 - 18/02/2023),2,30.0,PPGMAT,PPGMAT0181,4267.0,983,PESQUISA EM MATEMÁTICA B
55,2022.2,HELOISA SINATORA MIRANDA (60h),6M1234,1,5.0,a definir,ICB0214,3154.0,455,ESTÁGIO SUPERVISIONADO EM BIOLOGIA 1
02,2022.2,MARCOS CELIO DE ALMEIDA (60h),45M5  45T1,1,5.0,Local à definir.,GEM0033,3125.0,455,ESTAGIO EM MORFOLOGIA E MORFOGENESE
01,2022.2,CONCEICAO DE MARIA ALBUQUERQUE ALVES (30h),4M12,9,30.0,SG-12/AT-35/14,ENC0032,835.0,437,TOPICOS ESPECIAIS EM GESTÃO DE RECURSOS HÍDRICOS
02,2022.2,ANA ELISABETE DE ALMEIDA MEDEIROS (60h),2T3456 (25/10/2022 - 18/02/2023),5,12.0,mezanino - sala 01,PPGFAU3063,3606.0,927,PENSAR E AGIR SOBRE O PATRIMÔNIO MODERNO
01,2022.2,LEONARDO LUIZ E CASTRO (90h),246M34,27,30.0,ICC B1 242,IFD0013,3203.0,524,"ONDAS, ÓPTICA E TERMODINÂMICA"
10,2022.2,HENRIQUE MARRA TAIRA MENEGAZ (30h),2M34,14,14.0,FGA - SALA LAB SS,FGA0071,2824.0,673,PRÁTICA DE ELETRÔNICA DIGITAL 1
01,2022.2,ANDERSON MARCOS DE SOUZA (30h),3T2345,24,40.0,EFL - SALA A1 - 1º ANDAR,EFL0021,1008.0,433,SEMENTES E VIVEIROS FLORESTAIS
01,2022.2,LETICIA GONCALVES NUNES COELHO (30h),,7,40.0,MULTIPOLO,IFD0381,3260.0,524,"LABORATÓRIO DE MECÂNICA, ÓPTICA E TERMODINÂMICA"
01,2022.2,LUIZ CLAUDIO GONCALVES DE CASTRO (30h),3M4 5M124 6M12  6T2345,14,14.0,AUD. 1 HUB.,FMD0052,2571.0,402,SAÚDE DA CRIANÇA E DO ADOLESCENTE
01,2022.2,IZABEL CRISTINA RODRIGUES DA SILVA (10h),5M34 (25/10/2022 - 18/02/2023),19,40.0,Laboratório de Informática 2 - UAC,PPGCTS2801,3767.0,897,BIOESTATÍSTICA
01,2022.2,KETI TENENBLAT (30h),4T23 (25/10/2022 - 18/02/2023),2,30.0,matematica,PPGMAT0025,4260.0,983,TÓPICOS EM MATEMÁTICA
01,2022.2,JUNIO MARCIO ROSA CRUZ (60h),4T2345,21,30.0,LAB ELETRO - Módulo 09  CSS216,IFD0014,3204.0,524,LABORATÓRIO DE INSTRUMENTAÇÃO CIENTÍFICA A
02,2022.2,ITIBERE SALDANHA SILVA (30h),4M1234,33,40.0,PAT AT 125,FAV0276,1966.0,363,ZOOTECNIA GERAL
04,2022.2,SUELI MARIA GOMES (30h),2M1234,36,40.0,BSA S B1 41/10,BOT0004,3007.0,455,INTRODUCAO A ANATOMIA VEGETAL
01,2022.2,MARCELO CORDEIRO DE MELLO (60h),24M34,8,35.0,ICC AT 158/19,LET0138,1295.0,574,PRATICA DE TRADUCAO PORTUGUES-FRANCES : TEXTOS TECNICOS E CIENTIFICOS
05,2022.2,ELAINE VENSON (30h),7M1234,87,92.0,FGA - ANFITEATRO,FGA0158,2880.0,673,ORIENTAÇÃO A OBJETOS
01,2022.2,MARIA FILOMENA PINTO DA COSTA COELHO (60h),35M12,26,40.0,PJC BT 076,HIS0091,1138.0,559,HISTÓRIA MEDIEVAL 1
02,2022.2,MICHELE TEREZA MARQUES CARVALHO (15h),2T23,16,23.0,SG-12/LEM,ENC0230,877.0,437,MATERIAIS DE CONSTRUÇÃO
01,2022.2,EILEEN PFEIFFER FLORES (60h),3T2345 (25/10/2022 - 18/02/2023),7,30.0,CSS 009/39,PPGCDC0007,3740.0,903,TÉCNICAS DE ANÁLISE CONCEITUAL NAS CIÊNCIAS DO COMPORTAMENTO
01,2022.2,BOJIN ILIEV NEDIALKOV (60h),7N1234,0,4.0,SG8 - Auditório,MUS0136,1438.0,495,MUSICA DE CAMARA 3
06,2022.2,SERGIO ARAUJO FIGUEIREDO (90h),2N1234 4N34,35,40.0,BSA S B1 47/13,BOT0008,3009.0,455,FISIOLOGIA VEGETAL
01,2022.2,ARMANDO BULCAO (30h),3M34,25,26.0,FAC,DAP0171,149.0,351,"LEGISLAÇÃO, DESENVOLVIMENTO E PRODUÇÃO DE PROJETOS"
04,2022.2,SHEILA GIARDINI MURTA (90h),357T6  357N1,15,15.0,ICC AT 141,IPD0016,3354.0,583,ESTÁGIO SUPERVISIONADO BÁSICO EM PSICOLOGIA
10,2022.2,HAYESKA COSTA BARROSO (60h),4567T6,2,6.0,A DEFINIR,SER0119,1789.0,563,PRÁTICA DE PESQUISA SOCIAL 2
02,2022.2,ANA MAGNOLIA BEZERRA MENDES (30h),3M12 (25/10/2022 - 18/02/2023),1,5.0,A designar,PPGPSTO0022,4426.0,913,"PESQUISA EM PSICOLOGIA SOCIAL, DO TRABALHO E DAS ORGANIZAÇÕES 2"
05,2022.2,SEBASTIEN OLIVIER CHARNEAU (60h),7N1234,1,2.0,a designar,CEL0093,3060.0,455,ESTÁGIO SUPERVISIONADO EM BIOQUÍMICA
04,2022.2,ROBERT NEIL GERARD MILLER (60h),3M1234,39,40.0,BSA S B2  41/10,CEL0050,3039.0,455,MICROBIOLOGIA BASICA
01,2022.2,WAGNER RODRIGUES MARTINS (5h),67M1234  67T2345 (05/02/2022 - 12/02/2022),0,40.0,faculdade de Ceilândia,FCE0069,2035.0,672,SEMINÁRIO
50,2022.2,BRUNO EDUARDO FREITAS HONORATO (60h),24M5  24T1,0,4.0,Darcy Ribeiro,ADM0273,510.0,327,PROJETO DE PESQUISA EM ADMINISTRAÇÃO
A,2022.2,WILLIAM TAYLOR MATIAS SILVA (60h),2M1234,3,30.0,SG-12,PPCE0150,4040.0,829,INSTABILIDADE ESTRUTURAL
01,2022.2,JOSE RENATO JUNQUEIRA BORGES (30h),4M1234  3T23 5T2345,32,40.0,HVet Grandes Animais,FAV0005,1876.0,363,CLÍNICA E CIRURGIA DE RUMINANTES E EQUINOS 1
01,2022.2,CRISTINA CELIA SILVEIRA BRANDAO (30h),7M5  7T1,1,1.0,A DEFINIR,ENC0025,830.0,437,ESTÁGIO CURRICULAR EM ENGENHARIA AMBIENTAL
02,2022.2,CAROLINA PEREIRA BARCELLOS (60h),24M5  24T1,16,24.0,BSA S B2 19/9,LET0256,1323.0,574,INGLES: EXPRESSAO ESCRITA 3
04,2022.2,ELTON BAUER (15h),4N4,0,10.0,SG-12,PPCE0229,4045.0,829,SEMINÁRIO DE DOUTORADO
01,2022.2,TANISE VENDRUSCOLO DALMOLIN (60h),5M1234,18,18.0,ICC AT 114/7,FAR0183,349.0,678,URINÁLISE E FLUIDOS CORPORAIS
02,2022.2,HUGO LEONARDO RIBEIRO (30h),4M12,4,15.0,AT 44/8 (SG2),MUS0112,1434.0,495,TEORIAS CONTEMPORANEAS DA MUSICA 1
01,2022.2,EVANGELOS DIMITRIOS CHRISTAKOU (60h),46T23,18,25.0,ULEG/SALA 03,ENC0128,847.0,437,PROJETO ARQUITETÔNICO DE EDIFICAÇÕES
01,2022.2,JULIANA DE FARIA FRACON E ROMAO (35h),23456M1234,29,50.0,A definir,FCE0036,2020.0,672,ESTÁGIO OBRIGATÓRIO  EM FISIOTERAPIA 3
01,2022.2,JOHN DU VALL HAY (30h),4M1234,16,20.0,BSA S A1 16/37,ECL0043,3095.0,455,ECOLOGIA DE POPULAÇÕES E COMUNIDADES
