idTurma,codTurma,codDisciplina,nomeDisciplina,codDepto,nomeDepto,professor,periodo,horario,vagasOcupadas,vagasTotal
356-01-791-20222,1,GPP0002,RESIDÊNCIA EM POLÍTICAS PÚBLICAS,791,FALTA BOTAR,ANDERSON RAFAEL BARROS DO NASCIMENTO (120h),2022.2,7T456  6N1234 7N1,40,50
4082-08-947-20222,8,PPGBB3527,ESTÁGIO DE DOCÊNCIA EM CIÊNCIAS BIOLÓGICAS 3,947,FALTA BOTAR,MARINA REGINA FRIZZAS (30h),2022.2,7M5  7T1 (25/10/2022 - 18/02/2023),1,1
2820-01-673-20222,1,FGA0067,TEORIA DE CIRCUITOS ELETRÔNICOS 1,673,FALTA BOTAR,EULER DE VILHENA GARCIA (60h),2022.2,35M12,31,50
2238-02-672-20222,2,FCE0409,ESTÁGIO SUPERVISIONADO 1,672,FALTA BOTAR,DAYANI GALATO (30h),2022.2,2345T23456 6T2345,8,45
3327-01-533-20222,1,IGD0205,ESTÁGIO EM GEOLOGIA,533,FALTA BOTAR,MARIA EMILIA SCHUTESKY (120h),2022.2,2345T16,6,15
439-01-518-20222,1,MAT0111,GEOMETRIA 1,518,FALTA BOTAR,JOSE LUIS TERUEL CARRETERO (60h),2022.2,2N12 3N34,51,55
2530-01-393-20222,1,FEF0430,APRENDIZAGEM E DESENVOLVIMENTO MOTOR,393,FALTA BOTAR,ROSANA AMARO (60h),2022.2,,58,137
1090-01-552-20222,1,FIL0181,FILOSOFIA MODERNA,552,FALTA BOTAR,MARCIO GIMENES DE PAULA (90h),2022.2,7M34  24N12,18,40
867-01-437-20222,1,ENC0183,GEOTECNIA AMBIENTAL,437,FALTA BOTAR,EDUARDO MONTOYA BOTERO (30h),2022.2,35T23,13,40
3460-34-610-20222,34,IQD0126,QUIMICA GERAL EXPERIMENTAL,610,FALTA BOTAR,DIEGO ELIAS HONDA (30h),2022.2,6T45,17,25
931-01-760-20222,1,EPR0066,PESQUISA OPERACIONAL EM ENGENHARIA 1,760,FALTA BOTAR,REINALDO CRISPINIANO GARCIA (90h),2022.2,235N34,51,55
3463-02-610-20222,2,IQD0139,QUÍMICA DOS ELEMENTOS DE TRANSIÇÃO,610,FALTA BOTAR,MARCELO OLIVEIRA RODRIGUES (60h),2022.2,24M12,35,60
520-05-327-20222,5,ADM0316,TÓPICOS CONTEMPORÂNEOS EM ADMINISTRAÇÃO 2,327,FALTA BOTAR,PAULO HENRIQUE DE SOUZA BERMEJO (30h),2022.2,3N34,23,50
2100-02-672-20222,2,FCE0184,ESTÁGIO CURRICULAR SUPERVISIONADO EM ENFERMAGEM 2,672,FALTA BOTAR,CARLOS EDUARDO DOS SANTOS (90h),2022.2,234T123456 56T12345,6,10
3155-15-455-20222,15,ICB0219,ESTÁGIO SUPERVISIONADO EM BIOLOGIA 2,455,FALTA BOTAR,LEONARDO CIRQUEIRA PIMENTEL (60h),2022.2,456M5  456T1,0,10
3847-05-929-20222,5,PPGDSCI0076,SEMINÁRIO DE TESE,929,FALTA BOTAR,LUIZ GUILHERME DE OLIVEIRA (30h),2022.2,6M34 (25/10/2022 - 18/02/2023),3,3
2121-02-672-20222,2,FCE0218,FUNDAMENTOS DE FISIOTERAPIA: AGENTES FÍSICOS,672,FALTA BOTAR,JOSEVAN CERQUEIRA LEAL (15h),2022.2,6M34  5T2345,17,17
791-30-422-20222,30,ENF0006,ESTÁGIO SUPERVISIONADO 2,422,FALTA BOTAR,MARIA CRISTINA SOARES RODRIGUES (390h),2022.2,23456M12345,1,1
2172-02-672-20222,2,FCE0294,FISIOTERAPIA NA ATENÇÃO DE MÉDIA COMPLEXIDADE: INTERVENÇÃO,672,FALTA BOTAR,KEYLA DE PAULA BARBOSA (19h),2022.2,6M12  6T23,15,18
4429-14-913-20222,14,PPGPSTO0034,ESTUDO DIRIGIDO INDIVIDUAL 1,913,FALTA BOTAR,MARIO CESAR FERREIRA (30h),2022.2,7T12 (25/10/2022 - 18/02/2023),0,5
2617-01-666-20222,1,FUP0041,CEBEP 1,666,FALTA BOTAR,JOELMA RODRIGUES DA SILVA (30h),2022.2,2M12 (25/10/2022 - 18/02/2023),30,40
258-21-449-20222,21,ENM0130,PROJETO DE GRADUACAO 2,449,FALTA BOTAR,ARMANDO DE AZEVEDO CALDEIRA PIRES (90h),2022.2,7T123456,1,4
1605-05-495-20222,5,MUS0828,INSTRUMENTO PRINCIPAL 1,495,FALTA BOTAR,PAULO ROBERTO AFFONSO MARINS (60h),2022.2,,4,10
1343-02-574-20222,2,LET0325,PRÁTICA DO FRANCÊS ORAL E ESCRITO 2,574,FALTA BOTAR,JORGE EDUARDO ROCHA MORAIS (90h),2022.2,246T23,12,30
3743-02-903-20222,2,PPGCDC0097,ESTUDO DIRIGIDO INDIVIDUAL EM ANÁLISE DO COMPORTAMENTO,903,FALTA BOTAR,JORGE MENDES DE OLIVEIRA CASTRO NETO (30h),2022.2,2N12 (25/10/2022 - 18/02/2023),6,10
2875-01-673-20222,1,FGA0152,ERGONOMIA DO PRODUTO,673,FALTA BOTAR,MATEUS RODRIGUES MIRANDA (60h),2022.2,35T23,11,50
3522-01-669-20222,1,IRI0053,COMÉRCIO INTERNACIONAL,669,FALTA BOTAR,RODRIGO PIRES DE CAMPOS (60h),2022.2,24T45,53,55
2413-15-381-20222,15,MTC0012,DIDÁTICA FUNDAMENTAL,381,FALTA BOTAR,DANIEL RODRIGUES SILVA LUZ NETO (60h),2022.2,3N1234,27,40
1805-01-361-20222,1,TEC0019,SISTEMAS ESTRUTURAIS EM CONCRETO ARMADO,361,FALTA BOTAR,CLAUDIA ESTRELA PORTO (120h),2022.2,35M1234,6,33
2416-02-381-20222,2,MTC0039,EDUCAÇÃO INFANTIL,381,FALTA BOTAR,VIVIANE FERNANDES FARIA PINTO (60h),2022.2,5N1234,45,48
1429-01-495-20222,1,MUS0098,LINGUAGEM E ESTRUTURACAO MUSICAL 2,495,FALTA BOTAR,JOAO PAULO MACHADO (60h),2022.2,24M12,16,20
2866-02-673-20222,2,FGA0133,ENGENHARIA ECONÔMICA,673,FALTA BOTAR,PAULA MEYER SOARES (60h),2022.2,35M34,118,120
3914-01-1619-20222,1,PPGECOP3182,AVALIAÇÃO DE POLÍTICAS SOCIAIS,1619,FALTA BOTAR,RAFAEL TERRA DE MENEZES (30h),2022.2,2M12 (25/10/2022 - 18/02/2023),16,16
517-01-327-20222,1,ADM0308,NEGOCIAÇÃO,327,FALTA BOTAR,MARCELO DE CARVALHO SILVA (60h),2022.2,7M1234,51,56
1070-09-552-20222,9,FIL0028,MONOGRAFIA FILOSÓFICA,552,FALTA BOTAR,RAQUEL IMANISHI RODRIGUES (120h),2022.2,7M1234  6T2345,3,4
418-03-518-20222,3,MAT0022,MATEMATICA 1,518,FALTA BOTAR,JOSE LUIS TERUEL CARRETERO (30h),2022.2,24T45,46,67
4361-03-1496-20222,3,PPGPM2843,ESTÁGIO DOCENTE,1496,FALTA BOTAR,ANDREZA FABRO DE BEM (30h),2022.2,5T56 (25/10/2022 - 18/02/2023),2,2
2372-05-370-20222,5,FDD0252,ATUALIZAÇÃO E PRÁTICA DO DIREITO 1,370,FALTA BOTAR,Caroline Maria Vieira Lacerda (60h),2022.2,6N1234,21,21
3585-01-927-20222,1,PPG0040,CONEXÕES TERRITORIAIS,927,FALTA BOTAR,RENATO PEIXOTO DAGNINO (2h),2022.2,4T2345 (25/10/2022 - 18/02/2023),37,35
3291-02-533-20222,2,IGD0041,GEOLOGIA ECONÔMICA,533,FALTA BOTAR,CLAUDINEI GOUVEIA DE OLIVEIRA (75h),2022.2,7M234  3T23 4T2345,16,17
2531-21-393-20222,21,FEF0505,PRÁTICA DESPORTIVA 1,393,FALTA BOTAR,GUIDO DE JESUS DANTAS (30h),2022.2,35M3,27,30
455-07-483-20222,7,SOL0039,PRÁTICA DE PESQUISA 2 (DISSERTAÇÃO),483,FALTA BOTAR,EDSON SILVA DE FARIAS (120h),2022.2,56N34 7N1234,0,1
4391-01-978-20222,1,PROFNIT1890,CONCEITOS E APLICAÇÕES DE TRANSFERÊNCIA DE TECNOLOGIA,978,FALTA BOTAR,PAULO GUSTAVO BARBONI DANTAS NASCIMENTO (25h),2022.2,6N123 (25/10/2022 - 18/02/2023),32,40
2321-02-370-20222,2,FDD0004,INSTITUIÇÕES DE DIREITO PÚBLICO E PRIVADO,370,FALTA BOTAR,AMANDA VISOTO DE MATOS (60h),2022.2,35N12,53,60
1567-02-495-20222,2,MUS0749,SEMINÁRIO EM EDUCAÇÃO MUSICAL 2,495,FALTA BOTAR,FRANCINE KEMMER CERNEV (30h),2022.2,5T45,1,5
1207-01-578-20222,1,LIP0120,"ABORDAGENS,METODOS E TECNICAS DO ENSINO PORTUGUES COMO SEGUNDA LINGUA",578,FALTA BOTAR,ANA ADELINA LOPO RAMOS (60h),2022.2,24T23,20,21
792-17-422-20222,17,ENF0007,ESTUDOS ORIENTADOS EM PESQUISA EM SAÚDE E ENFERMAGEM 1,422,FALTA BOTAR,PRISCILA DA SILVA ANTONIO (30h),2022.2,7T23,0,1
1186-07-578-20222,7,LIP0045,INTRODUÇÃO À LINGUÍSTICA,578,FALTA BOTAR,MARINA MARIA SILVA MAGALHAES (60h),2022.2,35N34,19,41
801-02-422-20222,2,ENF0059,VIVÊNCIAS INTEGRADORAS 2,422,FALTA BOTAR,ELAINE BARROS FERREIRA (30h),2022.2,4T45,8,8
3077-03-455-20222,3,CFS0039,ELEMENTOS DE FISIOLOGIA 2,455,FALTA BOTAR,FERNANDA PAULINI (30h),2022.2,36T45,11,40
3717-01-946-20222,1,PPGCINF3076,FUNDAMENTOS EM COMUNICAÇÃO E MEDIAÇÃO DA INFORMAÇÃO,946,FALTA BOTAR,ELMIRA LUZIA MELO SOARES SIMEAO (60h),2022.2,4M1234 (25/10/2022 - 18/02/2023),7,40
1591-01-495-20222,1,MUS0788,PROJETO DE ESTÁGIO E PRÁTICA DOCENTE,495,FALTA BOTAR,JESSICA DE ALMEIDA (60h),2022.2,6T2345,6,20
2707-02-666-20222,2,FUP0330,DIDÁTICA DAS CIÊNCIAS,666,FALTA BOTAR,PAULO GABRIEL FRANCO DOS SANTOS (60h),2022.2,3N1234,9,40
3976-06-1185-20222,6,PPGEDUC0020,ATIVIDADES PROGRAMADAS EM EDUCAÇÃO EM CIÊNCIAS 4,1185,FALTA BOTAR,DELANO MOODY SIMOES DA SILVA (60h),2022.2,6M1234 (25/10/2022 - 18/02/2023),1,10
511-53-327-20222,53,ADM0297,ELABORAÇÃO DE TRABALHO DE CURSO,327,FALTA BOTAR,BARBARA DE OLIVEIRA VIEIRA (60h),2022.2,24M5  24T1,0,5
2163-01-672-20222,1,FCE0284,FISIOTERAPIA NA ATENÇÃO BÁSICA AVALIAÇÃO,672,FALTA BOTAR,ALINE MARTINS DE TOLEDO (3h),2022.2,3M34,16,17
1521-05-495-20222,5,MUS0515,PRÁTICA DE CONJUNTO 6,495,FALTA BOTAR,ADEILTON BAIRRAL (30h),2022.2,2N12,0,2
3774-CF-906-20222,CF,PPGCF3469,FITOTERAPIA BASEADA EM EVIDÊNCIAS,906,FALTA BOTAR,DAMARIS SILVEIRA (60h),2022.2,7T6  7N123 (25/10/2022 - 18/02/2023),1,10
1873-13-580-20222,13,TEL0118,MONOGRAFIA EM LITERATURA,580,FALTA BOTAR,DEANE MARIA FONSECA DE CASTRO E COSTA (60h),2022.2,7N1234,3,4
1975-01-363-20222,1,FAV0304,HIDROLOGIA DE PEQUENAS BACIAS HIDROGRÁFICAS,363,FALTA BOTAR,JOAO JOSE DA SILVA JUNIOR (60h),2022.2,6T2345,18,30
2091-08-672-20222,8,FCE0171,PRÁTICAS SUPERVISIONADAS EM ENFERMAGEM 2,672,FALTA BOTAR,ADRIANA MARIA DUARTE (15h),2022.2,4T2345,8,10
3316-02-533-20222,2,IGD0183,TOPOGRAFIA,533,FALTA BOTAR,GIULIANO SANT ANNA MAROTTA (60h),2022.2,6M1234,38,40
315-03-678-20222,3,FAR0050,BROMATOLOGIA,678,FALTA BOTAR,NATALIA LIMA DE OLIVEIRA (60h),2022.2,5M12  2T45,18,20
3134-01-455-20222,1,GEM0057,TÓPICOS EM GENÉTICA E BIOLOGIA EVOLUTIVA,455,FALTA BOTAR,NILDA MARIA DINIZ ROJAS (30h),2022.2,3T45,14,17
1583-02-495-20222,2,MUS0776,CANTO CORAL 4,495,FALTA BOTAR,ISABELA SEKEFF COUTINHO RIBEIRO (60h),2022.2,24N12,2,5
4108-07-985-20222,7,PPGFIS3352,TÓPICOS DE FÍSICA 2,985,FALTA BOTAR,LUIZ ANTONIO RIBEIRO JUNIOR (60h),2022.2,6N34 7N12 (25/10/2022 - 18/02/2023),2,5
2447-01-381-20222,1,TEF0092,EDUCAÇÃO E TRABALHO,381,FALTA BOTAR,CAROLINE BAHNIUK (60h),2022.2,3M1234,36,40
2699-02-666-20222,2,FUP0313,QUÍMICA E TECNOLOGIA,666,FALTA BOTAR,RENATA AQUINO DA SILVA (60h),2022.2,2T45 4T23,12,43
2021-01-672-20222,1,FCE0038,INTRODUÇÃO A FONOAUDIOLOGIA,672,FALTA BOTAR,VANESSA DE OLIVEIRA MARTINS REIS (30h),2022.2,3T23,49,50
1519-11-495-20222,11,MUS0509,PRATICA DE CONJUNTO 4,495,FALTA BOTAR,SERGIO NOGUEIRA MENDES (30h),2022.2,5T6  5N1,1,2
2997-02-668-20222,2,POL0062,TÓPICOS ESPECIAIS EM CIÊNCIA POLÍTICA 2,668,FALTA BOTAR,JUAREZ DE SOUZA (60h),2022.2,24M34,19,21
3388-01-583-20222,1,PED0060,DESENVOLVIMENTO PSICOLÓGICO E ENSINO,583,FALTA BOTAR,JANE FARIAS CHAGAS FERREIRA (60h),2022.2,35N12,38,50
686-05-508-20222,5,CIC0090,ESTRUTURAS DE DADOS,508,FALTA BOTAR,EDUARDO ADILIO PELINSON ALCHIERI (60h),2022.2,46M34,45,50
1614-01-424-20222,1,NUT0002,INTEGRADORA 1,424,FALTA BOTAR,VIVIANE BELINI RODRIGUES (15h),2022.2,3T234,34,34
3188-01-544-20222,1,ICH0021,PRÁTICA PEDAGÓGICA EM GEOGRAFIA 3,544,FALTA BOTAR,MARIA CÉLIA CARDOSO LIMA (60h),2022.2,,18,90
3974-13-1185-20222,13,PPGEDUC0016,ATIVIDADES PROGRAMADAS EM EDUCAÇÃO EM CIÊNCIAS 2,1185,FALTA BOTAR,SAMUEL MOLINA SCHNORR (60h),2022.2,2M1234 (25/10/2022 - 18/02/2023),1,10
3310-01-533-20222,1,IGD0166,ESTÁGIO SUPERVISIONADO AVANÇADO EM GEOCIÊNCIAS,533,FALTA BOTAR,PAOLA FERREIRA BARBOSA (60h),2022.2,2M1234,3,5
3899-02-1505-20222,2,PPGDIR0017,PROCESSO CIVIL E AS TRANSFORMAÇÕES SOCIAIS E ECONÔMICAS,1505,FALTA BOTAR,ANA CLAUDIA FARRANHA SANTANA (30h),2022.2,3N1234 (25/10/2022 - 18/02/2023),10,14
662-01-333-20222,1,CCA0077,CONTABILIDADE GERAL 2,333,FALTA BOTAR,EDUARDO TADEU VIEIRA (60h),2022.2,24M34,41,70
1827-03-362-20222,3,TAU0013,PLANEJAMENTO URBANO,362,FALTA BOTAR,ORLANDO VINICIUS RANGEL NUNES (60h),2022.2,2M1234,26,30
820-01-437-20222,1,ENC0001,"CINÉTICA, PROCESSOS E OPERAÇÕES UNITÁRIAS",437,FALTA BOTAR,YOVANKA PEREZ GINORIS (60h),2022.2,26M34,10,40
4271-01-983-20222,1,PPGMAT0236,TÓPICOS DE PROCESSOS ESTOCÁSTICOS,983,FALTA BOTAR,ALBERTO MASAYOSHI FARIA OHASHI (75h),2022.2,2M34 4M5 5M3 (25/10/2022 - 18/02/2023),3,35
3727-CF-902-20222,CF,PPGCF2483,METODOLOGIA CIENTÍFICA BÁSICA,902,FALTA BOTAR,GUILHERME MARTINS GELFUSO (30h),2022.2,2M45 (25/10/2022 - 18/02/2023),10,10
4496-01-912-20222,1,PPMEC2007,PROJETO DE DISSERTAÇÃO EM MECATRÔNICA,912,FALTA BOTAR,DANIEL MAURICIO MUNOZ ARBOLEDA (30h),2022.2,4M5  4T1 (25/10/2022 - 18/02/2023),11,20
4051-17-1225-20222,17,PPGECSA0099,SEMINÁRIO DE ELABORAÇÃO DE TESE 2,1225,FALTA BOTAR,DANIEL BIN (30h),2022.2,5T12 (25/10/2022 - 18/02/2023),0,5
2698-02-666-20222,2,FUP0312,PESQUISA E EXTENSÃO,666,FALTA BOTAR,ANTONIO DE ALMEIDA NOBRE JUNIOR (15h),2022.2,4T45,7,50
1506-01-495-20222,1,MUS0446,FLAUTA 1,495,FALTA BOTAR,BEATRIZ DUARTE PEREIRA DE MAGALHAES CASTRO (30h),2022.2,3M5  3T1,1,1
1560-04-495-20222,4,MUS0738,ESTÁGIO SUPERVISIONADO EM MÚSICA 2,495,FALTA BOTAR,DELMARY VASCONCELOS DE ABREU (120h),2022.2,24M1234,5,5
2091-02-672-20222,2,FCE0171,PRÁTICAS SUPERVISIONADAS EM ENFERMAGEM 2,672,FALTA BOTAR,ADRIANA MARIA DUARTE (15h),2022.2,4M1234,6,10
1721-01-360-20222,1,PRO0064,CONFORTO TÉRMICO AMBIENTAL 2,360,FALTA BOTAR,CAIO FREDERICO E SILVA (30h),2022.2,3N34,8,36
288-04-479-20222,4,ELA0008,PENSAMENTO SOCIAL E POLÍTICO NA AMÉRICA LATINA,479,FALTA BOTAR,MARTIN LEON JACQUES IBANEZ DE NOVION (60h),2022.2,35M34,37,50
2240-02-672-20222,2,FCE0412,ESTÁGIO SUPERVISIONADO 2,672,FALTA BOTAR,RINALDO EDUARDO MACHADO DE OLIVEIRA (30h),2022.2,2345T12345 6T1234,17,45
3136-06-455-20222,6,GEM0062,BIOLOGIA ESTRUTURAL DOS TECIDOS,455,FALTA BOTAR,MONICA PEREIRA GARCIA (20h),2022.2,6M34  6T23,37,40
3477-06-610-20222,6,IQD0199,TRABALHO DE CONCLUSÃO DE CURSO 2-MONOGRAFIA DE LICENCIATURA EM QUÍMICA,610,FALTA BOTAR,DANIEL PERDIGAO NASS (30h),2022.2,7N12,0,1
1920-01-363-20222,1,FAV0088,EXTENSAO RURAL,363,FALTA BOTAR,PAULO AFONSO FRANCISCO DE CARVALHO (60h),2022.2,3T2345,20,41
2554-01-402-20222,1,FMD0034,PARASITOLOGIA MÉDICA,402,FALTA BOTAR,NADJAR NITZ SILVA LOCIKS DE ARAUJO (15h),2022.2,3T2345,20,20
71-01-170-20222,1,DPG0072,OBRAS SUBTERRÂNEAS,170,FALTA BOTAR,ANDRE PACHECO DE ASSIS (30h),2022.2,2M34,4,3
3126-01-455-20222,1,GEM0041,HISTOLOGIA BASICA,455,FALTA BOTAR,DANIELA MARA DE OLIVEIRA (90h),2022.2,2M1234 5M12,40,43
3842-01-841-20222,1,PPGC0381,TÓPICOS ESPECIAIS EM COMUNICAÇÃO 3,841,FALTA BOTAR,WLADIMIR GANZELEVITCH GRAMACHO (30h),2022.2,5T23 (25/10/2022 - 18/02/2023),9,30
4230-01-1495-20222,1,PPGL3089,ECOLOGIA LINGUÍSTICA,1495,FALTA BOTAR,HILDO HONORIO DO COUTO (45h),2022.2,2T345 (25/10/2022 - 18/02/2023),6,13
4112-01-932-20222,1,PPGEO3753,ANÁLISE E QUALIDADE DE ÁGUA,932,FALTA BOTAR,GERALDO RESENDE BOAVENTURA (60h),2022.2,25M34 (25/10/2022 - 18/02/2023),1,10
2416-01-381-20222,1,MTC0039,EDUCAÇÃO INFANTIL,381,FALTA BOTAR,ETIENNE BALDEZ LOUZADA BARBOSA (60h),2022.2,5T2345,44,45
1694-17-360-20222,17,PRO0001,TRABALHO FINAL DE GRADUAÇÃO EM ARQUITETURA E URBANISMO,360,FALTA BOTAR,GUSTAVO DE LUNA SALES (60h),2022.2,2345T6,1,5
963-01-443-20222,1,ENE0056,SISTEMAS MICROPROCESSADOS,443,FALTA BOTAR,RICARDO ZELENOVSKY (60h),2022.2,24M12,49,60
446-02-518-20222,2,MAT0136,REGÊNCIA 1,518,FALTA BOTAR,RUI SEIMETZ (60h),2022.2,67M1234,18,25
3407-01-583-20222,1,PST0011,PSICOLOGIA SOCIAL 1,583,FALTA BOTAR,TIAGO JESSE SOUZA DE LIMA (60h),2022.2,35T23,81,90
2044-01-672-20222,1,FCE0073,PRESCRIÇÃO DO EXERCÍCIO TERAPÊUTICO E TREINAMENTO FUNCIONAL,672,FALTA BOTAR,MARTIM FRANCISCO BOTTARO MARQUES (25h),2022.2,67M12345  67T2345 (04/06/2022 - 11/06/2022),0,40
4431-02-913-20222,2,PPGPSTO0038,ESTUDO DIRIGIDO INDIVIDUAL 3,913,FALTA BOTAR,ANA MAGNOLIA BEZERRA MENDES (30h),2022.2,4M5  4T1 (25/10/2022 - 18/02/2023),0,5
4170-01-901-20222,1,PPGG0328,SISTEMAS GEOTÉRMICOS SUPERFICIAIS,901,FALTA BOTAR,RENATO PINTO DA CUNHA (30h),2022.2,3T45,8,40
3748-02-903-20222,2,PPGCDC0132,ESTUDO TEMÁTICO EM ANÁLISE DO COMPORTAMENTO,903,FALTA BOTAR,RAQUEL MARIA DE MELO (30h),2022.2,4N12 (25/10/2022 - 18/02/2023),2,3
4406-18-986-20222,18,PSICC3445,ESTUDO E PESQUISA DE DISSERTAÇÃO EM PSICOLOGIA CLÍNICA E CULTURA 1,986,FALTA BOTAR,PEDRO HENRIQUE ANTUNES DA COSTA (30h),2022.2,7N12 (25/10/2022 - 18/02/2023),0,10
430-04-518-20222,4,MAT0053,CALCULO NUMERICO,518,FALTA BOTAR,FLAVIA FERREIRA RAMOS ZAPATA (60h),2022.2,35T45,38,65
3629-02-1491-20222,2,PPGAS3766,TÓPICOS ESPECIAIS EM BIOLOGIA ANIMAL,1491,FALTA BOTAR,MONICA PEREIRA GARCIA (60h),2022.2,7T2345 (25/10/2022 - 18/02/2023),1,8
3096-01-455-20222,1,ECL0044,MÉTODOS EM ECOLOGIA,455,FALTA BOTAR,EMERSON MONTEIRO VIEIRA (60h),2022.2,7T2345,5,20
4068-01-1494-20222,1,POSTRAD2093,ENFOQUES DA PESQUISA EM TRADUÇÃO 2,1494,FALTA BOTAR,GERMANA HENRIQUES PEREIRA (60h),2022.2,6M1234 (25/10/2022 - 18/02/2023),0,2
378-01-791-20222,1,GPP0043,CARGOS NO SERVIÇO PÚBLICO,791,FALTA BOTAR,ANDERSON RAFAEL BARROS DO NASCIMENTO (60h),2022.2,35N12,8,50
4531-01-830-20222,1,PPGTARH0131,CONTROLE DE POLUIÇÃO DE ÁGUA,830,FALTA BOTAR,RAQUEL MORAES SOARES (15h),2022.2,35M12 (25/10/2022 - 18/02/2023),6,30
473-01-483-20222,1,SOL0132,ESTÁGIO 2: PRÁTICA DE ENSINO EM CIÊNCIAS SOCIAIS 1,483,FALTA BOTAR,MARCELO PINHEIRO CIGALES (135h),2022.2,23456M5  6T2345 (25/10/2022 - 18/02/2023),9,10
523-03-327-20222,3,ADM0320,"ANÁLISE ORGANIZACIONAL, SISTEMAS E MÉTODOS",327,FALTA BOTAR,MARCOS ALBERTO DANTAS (60h),2022.2,35M12,51,52
1655-01-427-20222,1,ODT0004,INTRODUÇÃO À PRÓTESE PARCIAL REMOVÍVEL,427,FALTA BOTAR,EVELYN MIKAELA KOGAWA (30h),2022.2,2T23,29,30
3232-30-524-20222,30,IFD0173,FISICA 1 EXPERIMENTAL,524,FALTA BOTAR,NILO MAKIUCHI (15h),2022.2,2M34,24,30
3048-09-455-20222,9,CEL0072,PESQUISA EM BIOLOGIA MOLECULAR,455,FALTA BOTAR,TATIANA BARBOSA ROSADO LAVIOLA (120h),2022.2,4M1234  6T2345,5,6
1657-01-427-20222,1,ODT0009,CLÍNICA ODONTOLÓGICA 6,427,FALTA BOTAR,FABRICIA ARAUJO PEREIRA (120h),2022.2,35M1234  3T2345,27,30
2630-01-666-20222,1,FUP0100,QUÍMICA TERRA E AMBIENTE,666,FALTA BOTAR,PRISCILLA COPPOLA DE SOUZA RODRIGUES (75h),2022.2,3T12345 (25/10/2022 - 18/02/2023),25,23
3641-02-1501-20222,2,PPGBB3780,TÓPICOS EM MICROBIOLOGIA,1501,FALTA BOTAR,TATIANA AMABILE DE CAMPOS (60h),2022.2,5M1234 (25/10/2022 - 18/02/2023),3,10
3816-05-845-20222,5,PPGCM0418,ESTÁGIO EM DOCÊNCIA EM CIÊNCIAS MÉDICAS 1,845,FALTA BOTAR,ALESSANDRA RAMOS VENOSA (30h),2022.2,4N1234 (25/10/2022 - 18/02/2023),1,30
4048-08-829-20222,8,PPCE0240,ESTUDO DIRIGIDO EM ESTRUTURAS E CONSTRUÇÃO CIVIL,829,FALTA BOTAR,GUILHERME SALES SOARES DE AZEVEDO MELO (60h),2022.2,5N1234,0,10
2018-01-672-20222,1,FCE0034,ESTÁGIO OBRIGATÓRIO  EM FISIOTERAPIA 1,672,FALTA BOTAR,WAGNER RODRIGUES MARTINS (30h),2022.2,23456M1234,31,50
1092-01-552-20222,1,FIL0183,FILOSOFIA DA CIÊNCIA,552,FALTA BOTAR,ANDRE LECLERC (90h),2022.2,356N34,21,40
2996-03-668-20222,3,POL0055,FUNDAMENTOS DE POLÍTICAS PÚBLICAS,668,FALTA BOTAR,PAULO AFONSO FRANCISCO DE CARVALHO (60h),2022.2,24M12,25,50
1119-01-555-20222,1,GEA0060,CLIMATOLOGIA GERAL,555,FALTA BOTAR,ERCILIA TORRES STEINKE (60h),2022.2,24M34,25,40
632-02-498-20222,2,VIS0256,HISTÓRIA DA ARTE NO BRASIL,498,FALTA BOTAR,LEONARDO MOTTA TAVARES (60h),2022.2,3N1234,17,33
4051-19-1225-20222,19,PPGECSA0099,SEMINÁRIO DE ELABORAÇÃO DE TESE 2,1225,FALTA BOTAR,LILIA GONCALVES MAGALHAES (30h),2022.2,7M12 (25/10/2022 - 18/02/2023),1,3
1616-01-424-20222,1,NUT0004,INTEGRADORA 3,424,FALTA BOTAR,ELIANA DOS SANTOS LEANDRO (15h),2022.2,4T234,32,32
214-02-660-20222,2,DIN0068,TRABALHO DE CONCLUSÃO DE CURSO 1,660,FALTA BOTAR,TIAGO BARROS PONTES E SILVA (30h),2022.2,7M34,4,10
1239-07-578-20222,7,LIP0174,LÍNGUA DE SINAIS BRASILEIRA,578,FALTA BOTAR,JUSELIO MATTOS DO AMARAL (60h),2022.2,24M34,25,26
627-02-498-20222,2,VIS0230,INTERVENCAO/PERFORMANCE/INSTALACAO,498,FALTA BOTAR,LUISA DE ARAUJO GUNTHER (90h),2022.2,6M1234 7M34,32,40
4363-01-1499-20222,1,PPGPS0156,SEMINÁRIO DE TESE 1 EM POLÍTICA SOCIAL,1499,FALTA BOTAR,CAMILA POTYARA PEREIRA (60h),2022.2,6T2345 (25/10/2022 - 18/02/2023),2,2
880-08-437-20222,8,ENC0240,LABORATÓRIO DE GEOTECNIA 1,437,FALTA BOTAR,MICHELE DAL TOE CASAGRANDE (30h),2022.2,4T45,8,11
2238-01-672-20222,1,FCE0409,ESTÁGIO SUPERVISIONADO 1,672,FALTA BOTAR,MARGO GOMES DE OLIVEIRA KARNIKOWSKI (10h),2022.2,2345M12345 6M1234,13,45
2419-05-381-20222,5,MTC0055,EDUCAÇÃO MATEMÁTICA 1,381,FALTA BOTAR,LYGIANNE BATISTA VIEIRA (60h),2022.2,3N1234,25,40
2472-01-393-20222,1,FEF0016,CORPO E EDUCAÇÃO,393,FALTA BOTAR,INGRID DITTRICH WIGGERS (60h),2022.2,24T23,48,50
2660-01-666-20222,1,FUP0225,ESTÁGIO CURRICULAR SUPERVISIONADO 1,666,FALTA BOTAR,FELIPE CANOVA GONCALVES (45h),2022.2,7M12345  7T12 (25/10/2022 - 18/02/2023),33,29
2824-03-673-20222,3,FGA0071,PRÁTICA DE ELETRÔNICA DIGITAL 1,673,FALTA BOTAR,ANDERSON JOSE COSTA SENA (30h),2022.2,4T45,12,14
2089-01-672-20222,1,FCE0169,PRÁTICAS SUPERVISIONADAS EM ENFERMAGEM 1,672,FALTA BOTAR,CRIS RENATA GROU VOLPE (30h),2022.2,5M23,8,10
878-01-437-20222,1,ENC0235,GEOTECNIA 2,437,FALTA BOTAR,MANOEL PORFIRIO CORDAO NETO (60h),2022.2,35T45,18,25
1639-03-424-20222,3,NUT0088,PRÁTICAS EM NUTRIÇÃO,424,FALTA BOTAR,CAROLINA AMANCIO LOULY SASAKI (15h),2022.2,5M1234,1,1
3755-02-903-20222,2,PPGCDC3311,ESTÁGIO SUPERVISIONADO DE DOCÊNCIA EM CIÊNCIAS DO COMPORTAMENTO,903,FALTA BOTAR,LUCIANO GRUDTNER BURATTO (60h),2022.2,6N1234 (25/10/2022 - 18/02/2023),1,2
2207-02-672-20222,2,FCE0346,TRABALHO DE CONCLUSÃO DE CURSO EM SAÚDE COLETIVA 2,672,FALTA BOTAR,LUIZA DE MARILAC MEIRELES BARBOSA (45h),2022.2,7M1234  6T6  6N1,3,10
684-02-508-20222,2,CIC0007,INTRODUÇÃO À CIÊNCIA DA COMPUTAÇÃO,508,FALTA BOTAR,CAMILO CHANG DOREA (60h),2022.2,46T45,22,25
1047-01-514-20222,1,EST0023,PROBABILIDADE E ESTATÍSTICA,514,FALTA BOTAR,ANTONIO EDUARDO GOMES (60h),2022.2,24M12,43,50
2106-02-672-20222,2,FCE0194,INTRODUÇÃO A PESQUISA CIENTÍFICA,672,FALTA BOTAR,YULLE XIMENDE RODRIGUES (30h),2022.2,6M12,46,50
4233-01-1495-20222,1,PPGL3170,LABORATÓRIO DE ANÁLISE LINGÜÍSTICA: MORFOLOGIA 2,1495,FALTA BOTAR,WALKIRIA NEIVA PRACA (30h),2022.2,3M12 (25/10/2022 - 18/02/2023),1,1
2427-16-381-20222,16,PAD0028,ORGANIZAÇÃO DA EDUCAÇÃO BRASILEIRA,381,FALTA BOTAR,DARLAN PEZ WOCIECHOSKI (60h),2022.2,6N1234,17,45
4407-22-986-20222,22,PSICC3446,ESTUDO E PESQUISA DE DISSERTAÇÃO EM PSICOLOGIA CLÍNICA E CULTURA 2,986,FALTA BOTAR,SERGIO EDUARDO SILVA DE OLIVEIRA (30h),2022.2,7N34 (25/10/2022 - 18/02/2023),0,10
1091-02-552-20222,2,FIL0182,ESTÉTICA E FILOSOFIA DA ARTE,552,FALTA BOTAR,ANDRE LUIS MUNIZ GARCIA (90h),2022.2,356T23,22,40
1241-01-574-20222,1,LET0002,PESQUISA EM TRADUÇÃO,574,FALTA BOTAR,JULIO CESAR NEVES MONTEIRO (60h),2022.2,2N1234,8,30
311-01-678-20222,1,FAR0042,TÓPICOS EM FARMACOLOGIA MOLECULAR,678,FALTA BOTAR,GUILHERME MARTINS SANTOS (60h),2022.2,2T2345,19,30
4240-01-1203-20222,1,PGLA3146,AQUISIÇÃO DE SEGUNDA LÍNGUA,1203,FALTA BOTAR,YUKI MUKAI (60h),2022.2,4T2345 (25/10/2022 - 18/02/2023),3,25
3079-02-455-20222,2,CFS0048,FISIOLOGIA ANIMAL 1,455,FALTA BOTAR,RAFAEL PLAKOUDI SOUTO MAIOR (60h),2022.2,35N12,26,40
1264-02-574-20222,2,LET0055,CIVILIZACAO FRANCESA,574,FALTA BOTAR,JORGE EDUARDO ROCHA MORAIS (60h),2022.2,35M12,29,30
442-01-518-20222,1,MAT0124,REGÊNCIA 2,518,FALTA BOTAR,REGINA DA SILVA PINA NEVES (120h),2022.2,7M2345  5N1234,16,16
4259-01-983-20222,1,PPGMAT0020,TÓPICOS AVANÇADOS EM ÁLGEBRA,983,FALTA BOTAR,THEO ALLAN DARN ZAPATA (75h),2022.2,35T45 6T4 (25/10/2022 - 18/02/2023),3,30
1983-01-363-20222,1,FAV0333,TOXICOLOGIA VETERINÁRIA E PLANTAS TOXICAS,363,FALTA BOTAR,DAVI EMANUEL RIBEIRO DE SOUSA (15h),2022.2,6M34,26,40
4009-05-959-20222,5,PPGEB4024,ESTUDO ORIENTADO PARA ENGENHARIA BIOMÉDICA 1,959,FALTA BOTAR,MARILIA MIRANDA FORTE GOMES (30h),2022.2,6T45 (25/10/2022 - 18/02/2023),1,1
1971-01-363-20222,1,FAV0295,AGRONEGÓCIO E SISTEMAS AGROINDUSTRIAIS,363,FALTA BOTAR,ARMANDO FORNAZIER (60h),2022.2,2T2345,13,30
2563-01-402-20222,1,FMD0043,INTERNATO ,402,FALTA BOTAR,JOSE HENRIQUE LEAL ARAUJO (30h),2022.2,456M5 7M12345  7T12,40,46
859-01-437-20222,1,ENC0151,ESTRUTURAS DE FUNDACOES,437,FALTA BOTAR,VLADIMIR VILLAVERDE BARBAN (60h),2022.2,46M12,8,15
1837-02-580-20222,2,TEL0022,LITERATURA BRASILEIRA,580,FALTA BOTAR,DEANE MARIA FONSECA DE CASTRO E COSTA (60h),2022.2,35T6  35N1,34,40
1620-01-424-20222,1,NUT0009,EPIDEMIOLOGIA NUTRICIONAL,424,FALTA BOTAR,LARISSA BUENO FERREIRA (15h),2022.2,2T234,25,32
663-02-333-20222,2,CCA0079,CONTABILIDADE GERAL 2,333,FALTA BOTAR,RODRIGO DE SOUZA GONCALVES (60h),2022.2,24N12,27,60
660-02-333-20222,2,CCA0074,ANÁLISE ECONÔMICO-FINANCEIRA 2,333,FALTA BOTAR,PAULO AUGUSTO PETTENUZZO DE BRITTO (60h),2022.2,24N34,58,60
1805-02-361-20222,2,TEC0019,SISTEMAS ESTRUTURAIS EM CONCRETO ARMADO,361,FALTA BOTAR,CARLOS EDUARDO LUNA DE MELO (120h),2022.2,35M1234,30,30
3954-01-977-20222,1,PPGE0617,"SEMINÁRIO DE PESQUISA EM EDUCAÇÃO, TECNOLOGIAS E COMUNICAÇÃO I",977,FALTA BOTAR,AMARALINA MIRANDA DE SOUZA (60h),2022.2,6M1234 (25/10/2022 - 18/02/2023),6,15
3157-02-455-20222,2,ICB0230,ESTÁGIO EM EXTENSÃO 1,455,FALTA BOTAR,MARIA DAS GRACAS MACHADO DE SOUZA (60h),2022.2,7M1234,0,3
2176-02-672-20222,2,FCE0298,FISIOTERAPIA NO PROCESSO DE REABILITAÇÃO: AVALIAÇÃO,672,FALTA BOTAR,VERA REGINA FERNANDES DA SILVA MARAES (6h),2022.2,6T23,11,17
3802-05-904-20222,5,PCMEC0180,ESTÁGIO DE DOCÊNCIA EM CIÊNCIAS MECÂNICAS 1,904,FALTA BOTAR,FRANCISCO RICARDO DA CUNHA (30h),2022.2,7M12 (25/10/2022 - 18/02/2023),1,1
4262-03-983-20222,3,PPGMAT0098,PESQUISA EM MATEMÁTICA C,983,FALTA BOTAR,JAQUELINE GODOY MESQUITA (45h),2022.2,34M5  3T1 (25/10/2022 - 18/02/2023),3,30
2188-01-672-20222,1,FCE0318,TERAPIA OCUPACIONAL BASEADA EM EVIDÊNCIAS 2,672,FALTA BOTAR,LETICIA MEDA VENDRUSCULO FANGEL (30h),2022.2,2M34,54,54
305-01-678-20222,1,FAR0021,DIAGNÓSTICO LABORATORIAL EM IMUNOLOGIA CLÍNICA,678,FALTA BOTAR,YANNA KARLA DE MEDEIROS NOBREGA (60h),2022.2,3N12 5N34,12,30
3817-01-845-20222,1,PPGCM0419,ESTÁGIO EM DOCÊNCIA EM CIÊNCIAS MÉDICAS 2,845,FALTA BOTAR,LAILA SALMEN ESPINDOLA (60h),2022.2,35T23 (25/10/2022 - 18/02/2023),0,2
1062-01-514-20222,1,EST0086,ANÁLISE DE SOBREVIVÊNCIA,514,FALTA BOTAR,EDUARDO YOSHIO NAKANO (60h),2022.2,24M12,31,40
3056-01-455-20222,1,CEL0087,ENOVELAMENTO DE PROTEINAS,455,FALTA BOTAR,ANTONIO FRANCISCO PEREIRA DE ARAUJO (60h),2022.2,6T2345,4,20
2787-01-429-20222,1,FTD0008,EMPRESA JUNIOR 1,429,FALTA BOTAR,MARIO DE OLIVEIRA ANDRADE (90h),2022.2,6T123456,98,100
1788-12-563-20222,12,SER0118,PRÁTICA DE PESQUISA SOCIAL 1,563,FALTA BOTAR,MARIA LUCIA LOPES DA SILVA (60h),2022.2,2T1234,5,7
2570-01-402-20222,1,FMD0051,INTERNATO ,402,FALTA BOTAR,MIRIAM DA SILVA WANDERLEY (15h),2022.2,456M5 7M12345  7T12,49,50
1038-01-433-20222,1,EFL0100,SISTEMA DE INFORMAÇÃO GEOGRÁFICA APLICADO À CIÊNCIA FLORESTAL,433,FALTA BOTAR,ERALDO APARECIDO TRONDOLI MATRICARDI (60h),2022.2,4T2345,19,20
2470-01-393-20222,1,FEF0014,ASPECTOS PSICOLÓGICOS DA APRENDIZAGEM A EDF,393,FALTA BOTAR,ALICE MARIA CORREA MEDINA (30h),2022.2,2T45,49,55
3061-03-455-20222,3,CEL0095,BIOLOGIA MOLECULAR,455,FALTA BOTAR,LIDIA MARIA PEPE DE MORAES (30h),2022.2,2N1234,37,40
4046-04-829-20222,4,PPCE0232,ESTÁGIO DOCÊNCIA EM ESTRUTURAS E CONSTRUÇÃO CIVIL 1,829,FALTA BOTAR,ELTON BAUER (30h),2022.2,6N12,0,10
2119-01-672-20222,1,FCE0213,ASSISTÊNCIA FARMACÊUTICA E SISTEMAS DE SAÚDE,672,FALTA BOTAR,MARGO GOMES DE OLIVEIRA KARNIKOWSKI (60h),2022.2,5M1234,50,52
3771-GM-906-20222,GM,PPGCF2748,ESTÁGIO EM DOCÊNCIA EM CIÊNCIAS FARMACÊUTICAS 1,906,FALTA BOTAR,GUILHERME MARTINS GELFUSO (60h),2022.2,4M1234 (25/10/2022 - 18/02/2023),1,1
3223-12-524-20222,12,IFD0057,PROJETO DE TRABALHO DE CONCLUSÃO DE CURSO,524,FALTA BOTAR,TARCISIO MARCIANO DA ROCHA FILHO (30h),2022.2,35T6,1,1
421-11-518-20222,11,MAT0026,CÁLCULO 2,518,FALTA BOTAR,LUCAS CONQUE SECO FERREIRA (90h),2022.2,235M34,43,65
3040-01-455-20222,1,CEL0052,METODOS EM BIOLOGIA 2,455,FALTA BOTAR,GEORGIOS JOANNIS PAPPAS JUNIOR (60h),2022.2,6N1234,5,6
3340-01-533-20222,1,IGD0242,MÉTODOS MAGNETOTELÚRICO,533,FALTA BOTAR,MONICA GIANNOCCARO VON HUELSEN (30h),2022.2,2T23,8,15
1809-04-361-20222,4,TEC0027,INFRA-ESTRUTURA URBANA,361,FALTA BOTAR,ORLANDO VINICIUS RANGEL NUNES (30h),2022.2,6N12,12,17
2099-03-672-20222,3,FCE0183,ESTÁGIO CURRICULAR SUPERVISIONADO EM ENFERMAGEM 1,672,FALTA BOTAR,WALTERLANIA SILVA SANTOS (75h),2022.2,2345M12345 6M1234,0,1
4253-02-987-20222,2,POSLIT2527,"LITERATURA, ARTES E MÍDIAS",987,FALTA BOTAR,SERGE DOMINIQUE MARGEL (60h),2022.2,7T2345,7,25
2075-01-672-20222,1,FCE0131,ESTÁGIO CURRICULAR SUPERVISIONADO EM FONOAUDIOLOGIA 3,672,FALTA BOTAR,VALERIA REIS DO CANTO PEREIRA (135h),2022.2,234N1234 56N12,18,36
2539-01-402-20222,1,FMD0017,SAÚDE DO ADULTO,402,FALTA BOTAR,ALESSANDRA RAMOS VENOSA (90h),2022.2,2M123  2T123,44,44
1378-01-574-20222,1,LET0414,INTRODUÇÃO A TRADUÇÃO,574,FALTA BOTAR,LILY MARTINEZ EVANGELISTA (60h),2022.2,24N12,25,35
2938-02-673-20222,2,FGA0278,QUALIDADE DE SOFTWARE 1,673,FALTA BOTAR,RICARDO AJAX DIAS KOSLOSKI (60h),2022.2,35T6  35N1,20,40
4118-03-932-20222,3,PPGGAG3480,ESTÁGIO DOCENTE 2,932,FALTA BOTAR,UIDEMAR MORAIS BARRAL (60h),2022.2,2M1234 (25/10/2022 - 18/02/2023),1,1
3928-05-1198-20222,5,PPGECO0462,ESTÁGIO DE DOCÊNCIA 2 EM ECONOMIA,1198,FALTA BOTAR,PAULO ROBERTO AMORIM LOUREIRO (30h),2022.2,7M34 (25/10/2022 - 18/02/2023),1,1
3730-CS-902-20222,CS,PPGCF3953,MÉTODOS EPIDEMIOLÓGICOS,902,FALTA BOTAR,EDGAR MERCHAN HAMANN (60h),2022.2,3T2345 (25/10/2022 - 18/02/2023),9,12
1837-01-580-20222,1,TEL0022,LITERATURA BRASILEIRA,580,FALTA BOTAR,DEANE MARIA FONSECA DE CASTRO E COSTA (60h),2022.2,35T45,35,40
1544-02-495-20222,2,MUS0638,MUSICA DE CAMARA 5,495,FALTA BOTAR,BOJIN ILIEV NEDIALKOV (60h),2022.2,7N1234,1,4
3919-01-1619-20222,1,PPGECOP3244,MÉTODOS ESTATÍSTICOS E ECONOMÉTRICOS EM ECONOMIA 1,1619,FALTA BOTAR,JORGE MADEIRA NOGUEIRA (30h),2022.2,7T45 (25/10/2022 - 18/02/2023),2,2
2129-02-672-20222,2,FCE0231,SISTEMA IMUNITÁRIO,672,FALTA BOTAR,ALDO HENRIQUE FONSECA PACHECO TAVARES (60h),2022.2,3M1234,83,85
2358-01-370-20222,1,FDD0155,NOÇÕES DE DIREITO,370,FALTA BOTAR,PETRÔNIO CALMON ALVES CARDOSO FILHO (60h),2022.2,24N12,42,60
2216-03-672-20222,3,FCE0359,TERAPIA OCUPACIONAL NO PROCESSO DE REABILITAÇÃO: INTERVENÇÃO,672,FALTA BOTAR,YULLE XIMENDE RODRIGUES (60h),2022.2,2M1234,13,13
2131-02-672-20222,2,FCE0234,"POLÍTICAS, SISTEMAS E SERVIÇOS DE SAÚDE",672,FALTA BOTAR,ANTONIA DE JESUS ANGULO TUESTA (60h),2022.2,46T23,31,55
2977-01-668-20222,1,POL0007,LEGISLATIVO E POLÍTICAS PÚBLICAS,668,FALTA BOTAR,RAFAEL SILVEIRA E SILVA (30h),2022.2,5N123 (04/08/2022 - 06/10/2022),0,50
730-01-508-20222,1,CIC0212,SUPERVISÃO DE PRÁTICA PEDAGÓGICA EM COMPUTAÇÃO 1,508,FALTA BOTAR,MARIA DE FATIMA RAMOS BRANDAO (30h),2022.2,6N123,10,50
2526-02-393-20222,2,FEF0415,SAÚDE COLETIVA E EDUCAÇÃO FÍSICA,393,FALTA BOTAR,JANE DULLIUS (60h),2022.2,6T2345,34,50
4050-A-829-20222,A,PPGG2141,DINÂMICA DAS ESTRUTURAS 1,829,FALTA BOTAR,GRACIELA NORA DOZ DE CARVALHO (60h),2022.2,24T6  24N1,16,30
1590-03-495-20222,3,MUS0787,ESTÁGIO SUPERVISIONADO EM MÚSICA 3,495,FALTA BOTAR,DANIEL MARTINS PITANGA (120h),2022.2,35T2345,2,2
1069-07-552-20222,7,FIL0025,PROJETO DE MONOGRAFIA FILOSÓFICA,552,FALTA BOTAR,CLAUDIO ARAUJO REIS (60h),2022.2,6M1234,3,3
3428-01-610-20222,1,IQD0015,PROJETO DE ENGENHARIA QUÍMICA 1,610,FALTA BOTAR,JOSE JOAQUIN LINARES LEON (30h),2022.2,3M34,27,27
151-01-351-20222,1,DAP0174,SOM 2,351,FALTA BOTAR,MAURICIO GOMES DA SILVA FONTELES (30h),2022.2,6M12,29,30
3884-04-914-20222,4,PPGD2309,TÓPICOS ESPECIAIS,914,FALTA BOTAR,MAMEDE SAID MAIA FILHO (60h),2022.2,4M1234 (10/10/2022 - 25/02/2023),10,15
3586-01-927-20222,1,PPG0041,PRODUÇAO DO HABITAT NO CAMPO E NA CIDADE,927,FALTA BOTAR,HELIANA FARIA METTIG ROCHA (2h),2022.2,4T2345 (05/04/2023 - 26/07/2023),37,35
2172-03-672-20222,3,FCE0294,FISIOTERAPIA NA ATENÇÃO DE MÉDIA COMPLEXIDADE: INTERVENÇÃO,672,FALTA BOTAR,SERGIO RICARDO THOMAZ (10h),2022.2,6M125  6T1,18,18
1048-02-514-20222,2,EST0027,BIOESTATÍSTICA,514,FALTA BOTAR,EDUARDO MONTEIRO DE CASTRO GOMES (30h),2022.2,35M34,8,40
807-03-422-20222,3,ENF0065,VIVÊNCIAS INTEGRADORAS 5,422,FALTA BOTAR,ANDREIA GUEDES OLIVA FERNANDES (120h),2022.2,56M1234,5,5
420-09-518-20222,9,MAT0025,CÁLCULO 1,518,FALTA BOTAR,MARTINO GARONZI (30h),2022.2,235M34,17,66
4425-07-913-20222,7,PPGPSTO0020,"PESQUISA EM PSICOLOGIA SOCIAL, DO TRABALHO E DAS ORGANIZAÇÕES 1",913,FALTA BOTAR,GARDENIA DA SILVA ABBAD (30h),2022.2,2M12 (25/10/2022 - 18/02/2023),2,5
2934-02-673-20222,2,FGA0270,SISTEMAS HIDRÁULICOS E PNEUMÁTICOS,673,FALTA BOTAR,ANDRE MURILO DE ALMEIDA PINTO (60h),2022.2,4M5  2T23 4T1,0,8
2142-02-672-20222,2,FCE0254,AGENTES INFECCIOSOS,672,FALTA BOTAR,LARISSA FERNANDES MATOS (30h),2022.2,4T2345,50,55
3615-02-842-20222,2,PPGCEN0076,PRÁTICA DOCENTE EM ARTES CÊNICAS 3,842,FALTA BOTAR,CESAR LIGNELLI (30h),2022.2,2T23 (25/10/2022 - 18/02/2023),1,1
500-04-327-20222,4,ADM0187,MICROECONOMIA APLICADA,327,FALTA BOTAR,CARLOS ROSANO PENA (60h),2022.2,24T45,28,50
4235-05-1495-20222,5,PPGL3667,METODOLOGIA DE PESQUISA E ELABORAÇÃO DE PROJETOS,1495,FALTA BOTAR,ULISDETE RODRIGUES DE SOUZA RODRIGUES (30h),2022.2,7T45 (25/10/2022 - 18/02/2023),1,1
2279-01-674-20222,1,FCI0042,MUSEOLOGIA E PRESERVAÇÃO 1,674,FALTA BOTAR,ANDREA FERNANDES CONSIDERA (60h),2022.2,5T2345,9,16
3039-05-455-20222,5,CEL0050,MICROBIOLOGIA BASICA,455,FALTA BOTAR,VICENTE DE PAULO MARTINS (60h),2022.2,3T2345,40,40
3125-09-455-20222,9,GEM0033,ESTAGIO EM MORFOLOGIA E MORFOGENESE,455,FALTA BOTAR,DANIELA MARA DE OLIVEIRA (60h),2022.2,24M5  24T1,0,5
1345-03-574-20222,3,LET0331,INGLÊS INSTRUMENTAL 1,574,FALTA BOTAR,MARINEY PEREIRA CONCEICAO (60h),2022.2,7T2345,72,75
2015-01-672-20222,1,FCE0012,BIOÉTICA E SAÚDE COLETIVA,672,FALTA BOTAR,MARIANNA ASSUNCAO FIGUEIREDO HOLANDA (30h),2022.2,6M34,23,50
287-03-479-20222,3,ELA0007,POLÍTICA E ESTADO NAS AMÉRICAS,479,FALTA BOTAR,SIMONE RODRIGUES PINTO (60h),2022.2,24T23,49,50
3029-01-455-20222,1,CEL0007,ESTÁGIO PROFISSIONAL EM BIOTECNOLOGIA,455,FALTA BOTAR,MARCIA RENATA MORTARI (180h),2022.2,7M12345  7T123456,18,35
3856-02-1487-20222,2,PPGCDS2174,OFICINA DE ESCRITA CIENTÍFICA,1487,FALTA BOTAR,JOSE AUGUSTO LEITAO DRUMMOND (60h),2022.2,6M1234 (25/10/2022 - 18/02/2023),14,20
2569-02-402-20222,2,FMD0050,PSICOLOGIA MÉDICA 4,402,FALTA BOTAR,ROBSON OLIVEIRA DORNELAS (15h),2022.2,4T23,13,13
4406-22-986-20222,22,PSICC3445,ESTUDO E PESQUISA DE DISSERTAÇÃO EM PSICOLOGIA CLÍNICA E CULTURA 1,986,FALTA BOTAR,ELIZABETH QUEIROZ (30h),2022.2,7N12 (25/10/2022 - 18/02/2023),1,10
3154-13-455-20222,13,ICB0214,ESTÁGIO SUPERVISIONADO EM BIOLOGIA 1,455,FALTA BOTAR,MARIA DE NAZARE KLAUTAU GUIMARAES (60h),2022.2,7N1234,0,5
4127-JM-1493-20222,JM,PPGGEA0438,SEMINÁRIO EM GEOGRAFIA,1493,FALTA BOTAR,MARIA DO SOCORRO FERREIRA DA SILVA (30h),2022.2,6M1234 (25/10/2022 - 18/02/2023),9,25
2340-01-370-20222,1,FDD0045,DIREITO PROCESSUAL CIVIL 1,370,FALTA BOTAR,MARCUS FLÁVIO HORTA CALDEIRA (60h),2022.2,24M34,55,60
1057-02-514-20222,2,EST0051,ANÁLISE DE SÉRIES TEMPORAIS,514,FALTA BOTAR,JOSE AUGUSTO FIORUCCI (60h),2022.2,7M1234,1,1
3172-02-455-20222,2,ZOO0013,ZOOLOGIA INVERTEBRADOS,455,FALTA BOTAR,CECILIA WAICHERT MONTEIRO (30h),2022.2,3T2345,36,40
310-02-678-20222,2,FAR0035,CIÊNCIA ALÉM DA CIÊNCIA,678,FALTA BOTAR,PAULO EDUARDO DE BRITO (15h),2022.2,4M34,42,50
249-04-449-20222,4,ENM0120,MECANICA 1,449,FALTA BOTAR,FABIO COMES DE CASTRO (60h),2022.2,35T23,39,45
1345-04-574-20222,4,LET0331,INGLÊS INSTRUMENTAL 1,574,FALTA BOTAR,MARINEY PEREIRA CONCEICAO (60h),2022.2,6M1234,71,75
420-06-518-20222,6,MAT0025,CÁLCULO 1,518,FALTA BOTAR,MARTINO GARONZI (30h),2022.2,235M34,55,65
985-01-443-20222,1,ENE0265,TOPICOS ESPECIAIS EM TELECOMUNICACOES,443,FALTA BOTAR,MARCO ANTONIO BRASIL TERADA (60h),2022.2,24T45,15,40
4108-02-985-20222,2,PPGFIS3352,TÓPICOS DE FÍSICA 2,985,FALTA BOTAR,JORLANDIO FRANCISCO FELIX (60h),2022.2,35N34 (25/10/2022 - 18/02/2023),3,20
2951-01-485-20222,1,IDA0306,ARTE E CULTURA POPULAR,485,FALTA BOTAR,CESAR LIGNELLI (45h),2022.2,,21,45
4072-02-917-20222,2,PPGFIL0008,ORIENTAÇÃO DE PROJETO,917,FALTA BOTAR,SAMUEL JOSE SIMON RODRIGUES (60h),2022.2,2345N3 (25/10/2022 - 18/02/2023),0,3
3416-01-583-20222,1,PST0051,PSICOLOGIA DAS ORGANIZAÇÕES,583,FALTA BOTAR,ELAINE RABELO NEIVA (60h),2022.2,24M34,27,30
2695-02-666-20222,2,FUP0309,SISTEMAS DE PRODUÇÃO DE MATÉRIAS-PRIMAS ANIMAIS,666,FALTA BOTAR,FLAVIO MURILO PEREIRA DA COSTA (60h),2022.2,4M1234,12,50
4198-01-895-20222,1,PPGI2223,PROJETO E COMPLEXIDADE DE ALGORITMOS,895,FALTA BOTAR,RODRIGO BONIFACIO DE ALMEIDA (60h),2022.2,35M34 (25/10/2022 - 18/02/2023),25,30
4400-06-986-20222,6,PSICC0225,ESTUDO E PESQUISA DE TESE EM PSICOLOGIA CLÍNICA E CULTURA 1,986,FALTA BOTAR,ELIANA RIGOTTO LAZZARINI (30h),2022.2,6N12 (25/10/2022 - 18/02/2023),0,10
4332-03-873-20222,3,PPG0094,PESQUISA DIRIGIDA 4,873,FALTA BOTAR,DELMARY VASCONCELOS DE ABREU (15h),2022.2,3M1 (25/10/2022 - 18/02/2023),1,1
1111-02-555-20222,2,GEA0041,GEOGRAFIA HUMANA E ECONÔMICA,555,FALTA BOTAR,REGINA DE SOUZA MANICOBA (60h),2022.2,24T45,38,40
3080-01-455-20222,1,CFS0049,FISIOLOGIA ANIMAL 2,455,FALTA BOTAR,CAROLINA MADEIRA LUCCI (30h),2022.2,35M34,27,40
3154-14-455-20222,14,ICB0214,ESTÁGIO SUPERVISIONADO EM BIOLOGIA 1,455,FALTA BOTAR,VERONICA DE BARROS SLOBODIAN MOTTA (60h),2022.2,23M5  23T1,0,3
1726-01-420-20222,1,DSC0016,EDUCAÇÃO EM SAÚDE,420,FALTA BOTAR,ANA VALERIA MACHADO MENDONCA (15h),2022.2,4N1234,20,30
1426-04-495-20222,4,MUS0086,LABORATÓRIO DE PERFORMANCE,495,FALTA BOTAR,JANETTE RIBEIRO DORNELLAS (30h),2022.2,6M34,10,16
485-01-327-20222,1,ADM0017,GESTÃO DE COMPRAS PÚBLICAS,327,FALTA BOTAR,CAIO CESAR DE MEDEIROS COSTA (60h),2022.2,35N12,39,50
2575-01-402-20222,1,FMD0056,URGÊNCIA E EMERGÊNCIA 3,402,FALTA BOTAR,JOSE HENRIQUE LEAL ARAUJO (15h),2022.2,34M3,45,45
1325-02-574-20222,2,LET0260,INGLES: EXPRESSAO ESCRITA 2,574,FALTA BOTAR,THIAGO BLANCH PIRES (60h),2022.2,35T23,32,35
1143-01-559-20222,1,HIS0100,HISTÓRIA DO BRASIL 1,559,FALTA BOTAR,JONAS WILSON PEGORARO (60h),2022.2,24M34,32,40
3601-02-927-20222,2,PPGFAU2126,"ESTUDOS ESPECIAIS EM TECNOLOGIA, AMBIENTE E SUSTENTABILIDADE 1",927,FALTA BOTAR,CHENIA ROCHA FIGUEIREDO AVILA (30h),2022.2,5M12 (25/10/2022 - 18/02/2023),10,11
3197-02-524-20222,2,IFD0004,FÍSICA ZERO,524,FALTA BOTAR,BERNARDO DE ASSUNCAO MELLO (30h),2022.2,3M5  3T1,19,40
2560-02-402-20222,2,FMD0040,PSICOLOGIA MÉDICA 6,402,FALTA BOTAR,HELENA FERREIRA MOURA (15h),2022.2,5M12,23,23
2103-04-672-20222,4,FCE0189,SEMINÁRIO INTEGRATIVO 1,672,FALTA BOTAR,PATRICIA DE SOUZA REZENDE ANDERLE (30h),2022.2,7T45,49,59
1630-02-424-20222,2,NUT0057,ESTÁGIO SUPERVISIONADO EM NUTRIÇÃO CLÍNICA,424,FALTA BOTAR,CAROLINA AMANCIO LOULY SASAKI (15h),2022.2,2345N2 67N123,9,8
796-01-422-20222,1,ENF0047,CONTEXTUALIZAÇÃO DA ENFERMAGEM NA SAÚDE,422,FALTA BOTAR,PAULA ELAINE DINIZ DOS REIS (8h),2022.2,4M34,41,43
4251-06-987-20222,6,POSLIT0305,ESTÁGIO DOCENTE 2,987,FALTA BOTAR,MARIA DA GLORIA MAGALHAES DOS REIS (30h),2022.2,7M34 (25/10/2022 - 18/02/2023),1,1
803-03-422-20222,3,ENF0061,VIVÊNCIAS INTEGRADORAS 3,422,FALTA BOTAR,FERNANDA LETICIA FRATES CAUDURO (30h),2022.2,5M12,8,8
2100-01-672-20222,1,FCE0184,ESTÁGIO CURRICULAR SUPERVISIONADO EM ENFERMAGEM 2,672,FALTA BOTAR,CARLOS EDUARDO DOS SANTOS (90h),2022.2,23456M12345  234T1,10,10
43-01-650-20222,1,CEM0015,"UNIVERSIDADE, SOCIEDADE E ESTADO",650,FALTA BOTAR,MURILO SILVA DE CAMARGO (60h),2022.2,2N1234,28,30
490-03-327-20222,3,ADM0041,GESTÃO DE PESSOAS EM ORGANIZAÇÕES,327,FALTA BOTAR,PEDRO PAULO MURCE MENEZES CAVALCANTE (60h),2022.2,24M12,36,50
4316-03-996-20222,3,MADER0019,ESTÁGIO EM DOCÊNCIA,996,FALTA BOTAR,MONICA CASTAGNA MOLINA (30h),2022.2,6T56 (25/10/2022 - 18/02/2023),1,5
87-01-170-20222,1,DPG1100,TÓPICOS EM REDES DE COMUNICAÇÃO 2,170,FALTA BOTAR,UGO SILVA DIAS (60h),2022.2,24M12,4,4
3250-03-524-20222,3,IFD0340,FUNDAMENTOS DE FÍSICA,524,FALTA BOTAR,JOAQUIM JOSE SOARES NETO (60h),2022.2,3N12 4N34,14,50
511-45-327-20222,45,ADM0297,ELABORAÇÃO DE TRABALHO DE CURSO,327,FALTA BOTAR,CARLOS DENNER DOS SANTOS JUNIOR (60h),2022.2,35M5  35T1,0,5
792-06-422-20222,6,ENF0007,ESTUDOS ORIENTADOS EM PESQUISA EM SAÚDE E ENFERMAGEM 1,422,FALTA BOTAR,DIRCE BELLEZI GUILHEM (30h),2022.2,7M5  7T1,0,2
2498-01-393-20222,1,FEF0232,FUNDAMENTOS HISTÓRICO FILOSÓFICO DA EDUCAÇÃO FÍSICA,393,FALTA BOTAR,ALFREDO FERES NETO (60h),2022.2,24T45,47,55
424-14-518-20222,14,MAT0031,INTRODUCAO A ALGEBRA LINEAR,518,FALTA BOTAR,PAVEL ZALESSKI (60h),2022.2,24T45,66,70
3061-02-455-20222,2,CEL0095,BIOLOGIA MOLECULAR,455,FALTA BOTAR,MARCELO DE MACEDO BRIGIDO (30h),2022.2,25M34,34,40
2541-01-402-20222,1,FMD0019,MORFOFUNCIONAL 2,402,FALTA BOTAR,SELMA APARECIDA SOUZA KUCKELHAUS (60h),2022.2,23456M1234  2T23,41,44
4399-01-986-20222,1,PSICC0073,MÉTODOS INFERENCIAIS EM PSICOLOGIA CLÍNICA,986,FALTA BOTAR,FABIO IGLESIAS (60h),2022.2,6M1234 (25/10/2022 - 18/02/2023),13,20
545-01-492-20222,1,CEN0008,CORPOREIDADES BRASILEIRAS,492,FALTA BOTAR,JONAS DE LIMA SALES (60h),2022.2,3N1234,19,26
4527-01-1504-20222,1,PPGPCTS0016,TÓPICOS ESPECIAIS 1,1504,FALTA BOTAR,JOSE ANTONIO VIEIRA PIMENTA (30h),2022.2,5T23 (25/10/2022 - 18/02/2023),11,20
2554-03-402-20222,3,FMD0034,PARASITOLOGIA MÉDICA,402,FALTA BOTAR,NADJAR NITZ SILVA LOCIKS DE ARAUJO (15h),2022.2,35T23,21,22
4404-09-986-20222,9,PSICC0250,ESTÁGIO SUPERVISIONADO EM PRÁTICA DE ENSINO EM PSICOLOGIA CLÍNICA 2,986,FALTA BOTAR,FRANCISCO MOACIR DE MELO CATUNDA MARTINS (60h),2022.2,7T1234 (25/10/2022 - 18/02/2023),0,10
3181-02-455-20222,2,ZOO0049,DIVERSIDADE ANIMAL,455,FALTA BOTAR,ROBERTO BRANDAO CAVALCANTI (30h),2022.2,35M34,51,51
554-01-492-20222,1,CEN0042,DIRECAO 1,492,FALTA BOTAR,SONIA MARIA CALDEIRA PAIVA (90h),2022.2,35M345,16,21
1283-01-574-20222,1,LET0106,LINGUA JAPONESA 1,574,FALTA BOTAR,Joshua Ferreira Sabino (60h),2022.2,35N34,16,20
3302-02-533-20222,2,IGD0142,GEOQUÍMICA ANALÍTICA,533,FALTA BOTAR,JEREMIE GARNIER (15h),2022.2,4M12,10,15
2945-03-485-20222,3,IDA0012,METODOLOGIA DE PESQUISA EM ARTES CÊNICAS,485,FALTA BOTAR,LUCIANA DA COSTA DIAS (60h),2022.2,,7,20
2393-03-381-20222,3,FED0044,"PROJETOS DE ENSINO, PESQUISA E EXTENSÃO",381,FALTA BOTAR,KATIA AUGUSTA CURADO PINHEIRO CORDEIRO DA SILVA (20h),2022.2,4T2345,13,15
2229-01-672-20222,1,FCE0381,FARMÁCIA CLÍNICA E ATENÇÃO FARMACÊUTICA,672,FALTA BOTAR,MARGO GOMES DE OLIVEIRA KARNIKOWSKI (30h),2022.2,5T45,37,50
848-02-437-20222,2,ENC0132,MECANICA DOS SOLIDOS 1,437,FALTA BOTAR,ANTONIO CARLOS DE OLIVEIRA MIRANDA (60h),2022.2,24T23,21,20
1821-03-362-20222,3,TAU0006,HISTORIA DA ARQUITETURA E DA ARTE 2,362,FALTA BOTAR,ANA PAULA CAMPOS GURGEL (60h),2022.2,35T23,33,33
1356-01-574-20222,1,LET0355,METODOS DE ENSINO DO ESPANHOL COMO SEGUNDA LÍNGUA,574,FALTA BOTAR,ANTONIO LUIZ DA SILVA JUNIOR (60h),2022.2,35N12,25,30
2343-01-370-20222,1,FDD0051,DIREITO PROCESSUAL PENAL 2,370,FALTA BOTAR,MARCELO NAVARRO RIBEIRO DANTAS (60h),2022.2,24M34,45,60
4078-20-917-20222,20,PPGFIL3068,SEMINÁRIO TUTORIAL 2/QUALIFICAÇÃO,917,FALTA BOTAR,PRISCILA ROSSINETTI RUFINONI (60h),2022.2,2345M1 (25/10/2022 - 18/02/2023),2,3
2786-03-429-20222,3,FTD0007,INTRODUCAO A ATIVIDADE EMPRESARIAL,429,FALTA BOTAR,TANIA CRISTINA DA SILVA CRUZ (30h),2022.2,3T2345,53,60
2847-01-673-20222,1,FGA0101,TEORIA DE FÍSICA DOS DISPOSITIVOS ELETRÔNICOS,673,FALTA BOTAR,MARCUS VINICIUS BATISTUTA (60h),2022.2,35T45,14,60
2168-01-672-20222,1,FCE0290,FISIOTERAPIA NA ATENÇÃO DE MÉDIA COMPLEXIDADE: RECURSOS TERAPÊUTICOS,672,FALTA BOTAR,LUISIANE DE AVILA SANTANA (21h),2022.2,5M1234,17,17
1563-07-495-20222,7,MUS0745,FUNDAMENTOS DA TÉCNICA VOCAL/INSTRUMENTAL 1,495,FALTA BOTAR,DANIEL JUNQUEIRA TARQUINIO (30h),2022.2,6N34,1,1
2998-01-668-20222,1,POL0065,TÓPICOS ESPECIAIS EM CIÊNCIA POLÍTICA 3,668,FALTA BOTAR,PAULO CARLOS DU PIN CALMON (60h),2022.2,35M34,18,50
511-06-327-20222,6,ADM0297,ELABORAÇÃO DE TRABALHO DE CURSO,327,FALTA BOTAR,ELUIZA ALBERTO DE MORAIS WATANABE (60h),2022.2,24M5  24T1,0,4
4388-01-978-20222,1,PROFNIT0009,SEMINÁRIO INTEGRADOR,978,FALTA BOTAR,LUIZ ANTONIO SOARES ROMEIRO (15h),2022.2,3N1 (25/10/2022 - 18/02/2023),3,10
2441-01-381-20222,1,TEF0022,FILOSOFIA DA EDUCACAO 2,381,FALTA BOTAR,LUCIANA DE MELLO GOMIDE (60h),2022.2,3N1234,22,40
4078-16-917-20222,16,PPGFIL3068,SEMINÁRIO TUTORIAL 2/QUALIFICAÇÃO,917,FALTA BOTAR,MARCOS AURELIO FERNANDES (60h),2022.2,2M1234 (25/10/2022 - 18/02/2023),2,3
3722-03-898-20222,3,PPGCR3008,PRÁTICAS DE CAPACITAÇÃO DOCENTE,898,FALTA BOTAR,RITA DE CASSIA MARQUETI DURIGAN (30h),2022.2,7M12,0,2
3196-01-544-20222,1,ICH0058,MÉTODOS E TÉCNICAS DE PESQUISA EM GEOGRAFIA,544,FALTA BOTAR,ERCILIA TORRES STEINKE (90h),2022.2,,66,70
4197-01-895-20222,1,PPGI0183,PESQUISA OPERACIONAL,895,FALTA BOTAR,MARCELO ANTONIO MAROTTA (60h),2022.2,6M1234 (10/10/2022 - 25/02/2023),3,25
2016-01-672-20222,1,FCE0013,DEMOGRAFIA E BIOESTATÍSTICA EM SAÚDE COLETIVA,672,FALTA BOTAR,FLAVIA REIS DE ANDRADE (60h),2022.2,5M1234,44,55
133-01-351-20222,1,DAP0118,"ROTEIRO, PRODUÇÃO E REALIZAÇÃO EM ÁUDIO",351,FALTA BOTAR,SERGIO RIBEIRO DE AGUIAR SANTOS (60h),2022.2,3T45 5T23,20,23
1782-04-563-20222,4,SER0107,ESTÁGIO EM SERVIÇO SOCIAL 1,563,FALTA BOTAR,LUCELIA LUIZ PEREIRA (240h),2022.2,7M12345  7T123456  27N12,7,9
2311-01-674-20222,1,FCI0120,CLASSIFICAÇÃO ARQUIVÍSTICA,674,FALTA BOTAR,RENATO TARCISO BARBOSA DE SOUSA (60h),2022.2,24N12,26,42
4048-05-829-20222,5,PPCE0240,ESTUDO DIRIGIDO EM ESTRUTURAS E CONSTRUÇÃO CIVIL,829,FALTA BOTAR,FRANCISCO EVANGELISTA JUNIOR (60h),2022.2,5N1234,1,10
4161-08-901-20222,8,PPGG0206,SEMINÁRIO EM GEOTECNIA 1,901,FALTA BOTAR,MARCIO MUNIZ DE FARIAS (15h),2022.2,6T6,3,40
1883-01-363-20222,1,FAV0012,ESTÁGIO SUPERVISIONADO 2,363,FALTA BOTAR,ELEN PRESOTTO (30h),2022.2,7N1234,30,40
4390-02-978-20222,2,PROFNIT0027,INTRODUÇÃO À OFICINA PROFISSIONAL,978,FALTA BOTAR,MARIA HOSANA CONCEICAO (30h),2022.2,2N12 (25/10/2022 - 18/02/2023),4,15
1677-01-427-20222,1,ODT0061,PERIODONTIA,427,FALTA BOTAR,FRANCISCO VALTER FREITAS (60h),2022.2,3M1234,19,30
2126-02-672-20222,2,FCE0226,FUNDAMENTOS DE FISIOTERAPIA TROFISMO E PLASTICIDADE TECIDUAL,672,FALTA BOTAR,OSMAIR GOMES DE MACEDO (5h),2022.2,4M34  3T45,18,18
609-01-498-20222,1,VIS0065,DESENHO 2,498,FALTA BOTAR,EDUARDO LUSTOSA BELGA (90h),2022.2,246T45,32,32
2448-03-381-20222,3,TEF0103,PESQUISA EM EDUCAÇÃO 1,381,FALTA BOTAR,GUSTAVO HENRIQUE DE ABREU SILVA (60h),2022.2,6M1234,36,37
1654-01-427-20222,1,ODT0003,TÓPICOS COMPLEMENTARES EM PRÓTESE PARCIAL REMOVÍVEL,427,FALTA BOTAR,RODRIGO ANTONIO DE MEDEIROS (30h),2022.2,2T45,29,30
592-01-498-20222,1,VIS0012,ARTE E ANTROPOLOGIA,498,FALTA BOTAR,CRISTINA ANTONIOEVNA DUNAEVA (60h),2022.2,46N34,24,40
4478-SC-908-20222,SC,PPGSCP3831,"MIGRAÇÃO, SAÚDE E DIREITOS HUMANOS",908,FALTA BOTAR,DENISE OSORIO SEVERO (15h),2022.2,4M1234 (25/10/2022 - 18/02/2023),5,15
2863-01-673-20222,1,FGA0130,REGULAÇÃO AMBIENTAL NO SETOR ENERGÉTICO,673,FALTA BOTAR,FERNANDO PAIVA SCARDUA (60h),2022.2,35M12,2,60
2556-01-402-20222,1,FMD0036,URGÊNCIA E EMERGÊNCIA 2,402,FALTA BOTAR,ALBERTO CARLOS MORENO ZACONETA (15h),2022.2,5T6  5N1,47,48
2909-01-673-20222,1,FGA0219,PROCESSAMENTO DE SINAIS,673,FALTA BOTAR,CRISTIANO JACQUES MIOSSO RODRIGUES MENDES (60h),2022.2,46M12,19,45
420-20-518-20222,20,MAT0025,CÁLCULO 1,518,FALTA BOTAR,JANETE SOARES DE GAMBOA (60h),2022.2,246M12,55,66
1839-02-580-20222,2,TEL0024,LITERATURA BRASILEIRA,580,FALTA BOTAR,YARA DIAS FORTUNA (60h),2022.2,24N12,33,40
4072-18-917-20222,18,PPGFIL0008,ORIENTAÇÃO DE PROJETO,917,FALTA BOTAR,HERIVELTO PEREIRA DE SOUZA (60h),2022.2,4M1234 (25/10/2022 - 18/02/2023),1,3
2816-01-673-20222,1,FGA0060,SISTEMAS DE BANCO DE DADOS 2,673,FALTA BOTAR,VANDOR ROBERTO VILARDI RISSOLI (60h),2022.2,35M12,39,40
735-01-508-20222,1,CIC0227,PRÁTICAS EM COMPUTAÇÃO,508,FALTA BOTAR,VINICIUS RUELA PEREIRA BORGES (60h),2022.2,35T45,7,8
2371-02-370-20222,2,FDD0249,TEORIA GERAL DO ESTADO,370,FALTA BOTAR,ROBSON RODRIGUES BARBOSA (60h),2022.2,24N12,55,65
424-04-518-20222,4,MAT0031,INTRODUCAO A ALGEBRA LINEAR,518,FALTA BOTAR,ALBERTO MASAYOSHI FARIA OHASHI (60h),2022.2,24T45,52,70
1166-01-578-20222,1,LIP0004,ESTÁGIO SUPERVISIONADO EM PORTUGUÊS 2,578,FALTA BOTAR,VIVIANE CRISTINA VIEIRA (210h),2022.2,2M34  67T23456  67N1,14,30
685-06-508-20222,6,CIC0087,TOPICOS AVANCADOS EM COMPUTADORES,508,FALTA BOTAR,ALETEIA PATRICIA FAVACHO DE ARAUJO VON PAUMGARTTEN (60h),2022.2,24M34,17,20
782-01-548-20222,1,ECO0272,MICROECONOMIA AMBIENTAL,548,FALTA BOTAR,TIAGO SOUSA PEREIRA (60h),2022.2,24N34,34,50
4340-02-1502-20222,2,PPGNANO3784,TÓPICOS ESPECIAIS EM NANOCIÊNCIA E NANOBIOTECNOLOGIA 1,1502,FALTA BOTAR,MARIA DE FATIMA MENEZES ALMEIDA SANTOS (60h),2022.2,5T6  5N123 (25/10/2022 - 18/02/2023),2,8
4073-16-917-20222,16,PPGFIL0009,DEFESA DE PROJETO,917,FALTA BOTAR,HERIVELTO PEREIRA DE SOUZA (60h),2022.2,2345T6 (25/10/2022 - 18/02/2023),0,3
388-01-352-20222,1,JOR0013,JORNALISMO CULTURAL,352,FALTA BOTAR,PAULO ROBERTO ASSIS PANIAGO (25h),2022.2,35T23,7,30
351-03-678-20222,3,FAR0186,ANÁLISE QUALITATIVA E QUANTITATIVA DOS FÁRMACOS PARTE PRÁTICA,678,FALTA BOTAR,NAIRA DA SILVA CAMPOS (30h),2022.2,3M12,19,20
258-16-449-20222,16,ENM0130,PROJETO DE GRADUACAO 2,449,FALTA BOTAR,MARCUS VINICIUS GIRAO DE MORAIS (90h),2022.2,7T123456,2,4
1026-04-433-20222,4,EFL0063,PROJETO PARA TRABALHO FINAL,433,FALTA BOTAR,JOSE ROBERTO RODRIGUES PINTO (60h),2022.2,7T2345,0,5
2824-01-673-20222,1,FGA0071,PRÁTICA DE ELETRÔNICA DIGITAL 1,673,FALTA BOTAR,CLAUDIA PATRICIA OCHOA DIAZ (30h),2022.2,4M5  4T1,13,14
501-01-327-20222,1,ADM0190,MACROECONOMIA APLICADA,327,FALTA BOTAR,EMMANUEL SOUSA DE ABREU (60h),2022.2,24N34,49,57
3347-03-533-20222,3,IGD0285,PRINCÍPIOS DE GEOFÍSICA 2,533,FALTA BOTAR,MONICA GIANNOCCARO VON HUELSEN (5h),2022.2,7N1,0,1
3321-02-533-20222,2,IGD0195,MINERALOGIA DE NÃO SILICATOS,533,FALTA BOTAR,SYLVIA MARIA DE ARAUJO (30h),2022.2,4M12  4T12,9,18
3755-05-903-20222,5,PPGCDC3311,ESTÁGIO SUPERVISIONADO DE DOCÊNCIA EM CIÊNCIAS DO COMPORTAMENTO,903,FALTA BOTAR,NATALIA MARIA AGGIO (60h),2022.2,6N1234 (25/10/2022 - 18/02/2023),1,2
1754-01-420-20222,1,DSC0078,SEMINÁRIO INTEGRADOR EM SAÚDE COLETIVA 3,420,FALTA BOTAR,CLAUDIA MARA PEDROSA (45h),2022.2,4N234,24,30
4427-04-913-20222,4,PPGPSTO0024,"PESQUISA EM PSICOLOGIA SOCIAL, DO TRABALHO E DAS ORGANIZAÇÕES 3",913,FALTA BOTAR,EMILIO PERES FACAS (30h),2022.2,4M12 (25/10/2022 - 18/02/2023),0,5
4499-03-912-20222,3,PPMEC2010,ESTUDO DIRIGIDO,912,FALTA BOTAR,EVANDRO LEONARDO SILVA TEIXEIRA (60h),2022.2,35T6  35N1 (25/10/2022 - 18/02/2023),2,3
2171-03-672-20222,3,FCE0293,FISIOTERAPIA NA ATENÇÃO BÁSICA INTERVENÇÃO,672,FALTA BOTAR,ALINE TEIXEIRA ALVES (5h),2022.2,5M125  5T1,16,16
2243-04-672-20222,4,FCE0444,PRÁTICAS SUPERVISIONADAS EM ENFERMAGEM 5 NA SAÚDE DA MULHER,672,FALTA BOTAR,ALECSSANDRA DE FATIMA SILVA VIDUEDO (15h),2022.2,4M23,5,5
2632-01-666-20222,1,FUP0106,CEBEP 5: DIVERSIDADE GERACIONAL NO CAMPO,666,FALTA BOTAR,JULIANA ROCHET WIRTH CHAIBUB PAULINO (30h),2022.2,2T34 (25/10/2022 - 18/02/2023),13,12
1065-01-552-20222,1,FIL0002,TEORIAS FILOSÓFICAS DA LINGUAGEM,552,FALTA BOTAR,FELIPE SANTIAGO AMARAL (90h),2022.2,246T23,10,40
682-04-508-20222,4,CIC0004,ALGORITMOS E PROGRAMAÇÃO DE COMPUTADORES,508,FALTA BOTAR,VINICIUS RUELA PEREIRA BORGES (60h),2022.2,246T23,35,43
696-01-508-20222,1,CIC0124,REDES DE COMPUTADORES,508,FALTA BOTAR,PRISCILA AMERICA SOLIS MENDEZ BARRETO (60h),2022.2,24T23,31,50
4083-02-947-20222,2,PPGBB3638,ESTÁGIO DE DOCÊNCIA EM CIÊNCIAS BIOLÓGICAS 1,947,FALTA BOTAR,RAFAEL PLAKOUDI SOUTO MAIOR (30h),2022.2,7T23 (25/10/2022 - 18/02/2023),0,3
1663-01-427-20222,1,ODT0024,CLÍNICA ODONTOLÓGICA 1,427,FALTA BOTAR,LAUDIMAR ALVES DE OLIVEIRA (30h),2022.2,6M12,28,33
1746-01-420-20222,1,DSC0065,GESTÃO ESTRATÉGICA PARTICIPAÇÃO E CONTROLE SOCIAL EM SAÚDE,420,FALTA BOTAR,DENISE OSORIO SEVERO (30h),2022.2,3N1234,17,30
2116-02-672-20222,2,FCE0210,PESQUISA EM NOVOS COMPOSTOS APLICADOS A SAÚDE,672,FALTA BOTAR,MARIA HOSANA CONCEICAO (90h),2022.2,7T123456,9,10
3787-01-997-20222,1,PPGEFL0368,SOLOS DE ECOSSISTEMAS FLORESTAIS,997,FALTA BOTAR,ALCIDES GATTO (60h),2022.2,5T2345 (25/10/2022 - 18/02/2023),2,5
331-01-678-20222,1,FAR0154,ESTÁGIO EM FARMACOTÉCNICA E COSMETOLOGIA,678,FALTA BOTAR,TAIS GRATIERI (90h),2022.2,246M5  246T1 (25/10/2022 - 18/02/2023),1,1
4337-03-1502-20222,3,PPGNANO3029,ESTÁGIO DOCÊNCIA EM NANOCIÊNCIA E NANOBIOTECNOLOGIA 1,1502,FALTA BOTAR,MARCELLA LEMOS BRETTAS CARNEIRO (30h),2022.2,6M5  6T1 (25/10/2022 - 18/02/2023),1,1
4469-01-872-20222,1,PPGSA0358,TÓPICOS ESPECIAIS EM CLÍNICA MÉDICA E CIRURGIA ANIMAL 1,872,FALTA BOTAR,FRANCISCO ERNESTO MORENO BERNAL (30h),2022.2,5T23 (25/10/2022 - 18/02/2023),0,20
2169-01-672-20222,1,FCE0291,FISIOTERAPIA NA ATENÇÃO DE ALTA COMPLEXIDADE: RECURSOS TERAPÊUTICOS,672,FALTA BOTAR,GRAZIELLA FRANCA BERNARDELLI CIPRIANO (18h),2022.2,3M1234,17,17
969-02-443-20222,2,ENE0071,INSTALAÇÕES ELÉTRICAS,443,FALTA BOTAR,FERNANDO CARDOSO MELO (60h),2022.2,35M34,6,25
457-09-483-20222,9,SOL0042,INTRODUÇÃO À SOCIOLOGIA,483,FALTA BOTAR,EDSON SILVA DE FARIAS (60h),2022.2,35N12,85,101
2233-01-672-20222,1,FCE0397,PROCESSO DE CUIDAR EM ENFERMAGEM,672,FALTA BOTAR,DANIELLE DA SILVA FERNANDES (15h),2022.2,3M34,36,50
51-01-650-20222,1,CEM0051,PROMOÇÃO DA SAÚDE 3,650,FALTA BOTAR,JACKELINE NERES BELLUCCI (60h),2022.2,7M1234,690,820
1032-01-433-20222,1,EFL0083,INTRODUÇÃO À CIÊNCIA DO SOLO,433,FALTA BOTAR,ALCIDES GATTO (60h),2022.2,3T2345,23,40
2427-18-381-20222,18,PAD0028,ORGANIZAÇÃO DA EDUCAÇÃO BRASILEIRA,381,FALTA BOTAR,DARLAN PEZ WOCIECHOSKI (60h),2022.2,35N34,41,46
247-01-449-20222,1,ENM0109,VIBRACOES 1,449,FALTA BOTAR,ALINE SOUZA DE PAULA (30h),2022.2,35M34  4T45,5,20
2543-01-402-20222,1,FMD0021,URGÊNCIA E EMERGÊNCIA 4,402,FALTA BOTAR,IRUENA MORAES KESSLER (15h),2022.2,4M12,44,44
217-02-660-20222,2,DIN0112,TÓPICOS ESPECIAIS EM DESIGN 4,660,FALTA BOTAR,DANIELA FAVARO GARROSSINI (60h),2022.2,3M1234,3,5
4139-01-931-20222,1,CPPGA3718,GEOQUÍMICA AMBIENTAL,931,FALTA BOTAR,JEREMIE GARNIER (30h),2022.2,3T23 (25/10/2022 - 18/02/2023),1,15
4006-01-959-20222,1,PPGEB2901,ESTÁGIO EM DOCÊNCIA,959,FALTA BOTAR,CARLA TATIANA MOTA ANFLOR (30h),2022.2,7M12 (25/10/2022 - 18/02/2023),0,5
1701-03-360-20222,3,PRO0015,PROJETO DE ARQUITETURA,360,FALTA BOTAR,CRISTIANE GUINANCIO (120h),2022.2,24M1234,41,42
472-02-483-20222,2,SOL0130,TEORIAS SOCIOLÓGICAS CLÁSSICAS II,483,FALTA BOTAR,EURICO ANTONIO GONZALEZ CURSINO DOS SANTOS (60h),2022.2,24M34,18,40
247-02-449-20222,2,ENM0109,VIBRACOES 1,449,FALTA BOTAR,MARCELA RODRIGUES MACHADO (30h),2022.2,35M34  4T23,6,20
2554-04-402-20222,4,FMD0034,PARASITOLOGIA MÉDICA,402,FALTA BOTAR,RODRIGO GURGEL GONCALVES (15h),2022.2,3T23 5T45,9,9
1645-03-424-20222,3,NUT0097,NUTRIÇÃO CLÍNICA E DIETOTERAPIA,424,FALTA BOTAR,MAÍSA MIRANDA ARAÚJO (15h),2022.2,4M1234 6M34,21,32
2687-02-666-20222,2,FUP0292,SISTEMAS DE PRODUÇÃO DE MATÉRIAS-PRIMAS VEGETAIS,666,FALTA BOTAR,FLAVIO MURILO PEREIRA DA COSTA (60h),2022.2,6M1234,3,50
2065-01-672-20222,1,FCE0121,VIVÊNCIAS EM SAÚDE FONOAUDIOLÓGICA,672,FALTA BOTAR,VANESSA VEIS RIBEIRO (15h),2022.2,36M12,26,36
3032-01-455-20222,1,CEL0011,TECNOLOGIA DE BIOPROCESSOS E FERMENTAÇÃO,455,FALTA BOTAR,WILLIE OLIVEIRA PINHEIRO (30h),2022.2,4T2345,40,40
3749-03-903-20222,3,PPGCDC0133,ESTUDO TEMÁTICO EM COGNIÇÃO E NEUROCIÊNCIAS,903,FALTA BOTAR,ANDRE RIBEIRO DA SILVA (30h),2022.2,2N34 (25/10/2022 - 18/02/2023),3,3
1670-01-427-20222,1,ODT0034,ODONTOPEDIATRIA 1,427,FALTA BOTAR,ERICA NEGRINI LIA (30h),2022.2,4M34,21,30
3361-08-583-20222,8,PCL0015,PSICOLOGIA DA PERSONALIDADE 1,583,FALTA BOTAR,KATIA CRISTINA TAROUQUELLA RODRIGUES BRASIL (60h),2022.2,36M34,27,30
3841-01-841-20222,1,PPGC0373,TÓPICOS ESPECIAIS EM COMUNICAÇÃO 2,841,FALTA BOTAR,TIAGO QUIROGA FAUSTO NETO (60h),2022.2,6M1234 (25/10/2022 - 18/02/2023),11,30
1714-04-360-20222,4,PRO0039,INTRODUÇÃO AO TRABALHO FINAL DE GRADUAÇÃO,360,FALTA BOTAR,MARIA CECILIA FILGUEIRAS LIMA GABRIELE (60h),2022.2,2345T1,0,4
4027-A-1506-20222,A,MNPEF0015,ESTÁGIO SUPERVISIONADO EM ENSINO DE FÍSICA,1506,FALTA BOTAR,MARCELLO FERREIRA (60h),2022.2,3M1234 (25/10/2022 - 18/02/2023),2,20
3604-12-927-20222,12,PPGFAU2132,TRABALHO PROGRAMADO 1,927,FALTA BOTAR,PAULO ROBERTO CARVALHO TAVARES (30h),2022.2,7N34 (25/10/2022 - 18/02/2023),1,1
1055-01-514-20222,1,EST0045,CONTROLE ESTATISTICO DE QUALIDADE,514,FALTA BOTAR,GLADSTON LUIZ DA SILVA (60h),2022.2,46M34,30,50
631-01-498-20222,1,VIS0255,HISTORIA DA ARTE CONTEMPORANEA,498,FALTA BOTAR,ELYESER SZTURM (60h),2022.2,46T23,14,25
875-01-437-20222,1,ENC0225,AVALIACAO ECONOMICA DE PROJETOS EM ENGENHARIA CIVIL,437,FALTA BOTAR,FABIO ZANCHETTA (60h),2022.2,35M34,8,30
4011-01-948-20222,1,PPGEE2166,PROCESSOS ESTOCÁSTICOS,948,FALTA BOTAR,FRANCISCO ASSIS DE OLIVEIRA NASCIMENTO (60h),2022.2,35T23 (25/10/2022 - 18/02/2023),5,20
2178-03-672-20222,3,FCE0300,FISIOTERAPIA NO PROCESSO DE REABILITAÇÃO: INTERVENÇÃO,672,FALTA BOTAR,LUISIANE DE AVILA SANTANA (10h),2022.2,3M5  2T45 3T1,16,16
671-02-333-20222,2,CCA0103,INTRODUÇÃO À CONTABILIDADE,333,FALTA BOTAR,DUCINELI REGIS BOTELHO (60h),2022.2,35M34,57,60
198-01-660-20222,1,DIN0040,PROGRAMACAO VISUAL 1,660,FALTA BOTAR,ANA MANSUR DE OLIVEIRA (90h),2022.2,2T123456,20,20
833-06-437-20222,6,ENC0030,PROJETO FINAL EM ENGENHARIA AMBIENTAL 2,437,FALTA BOTAR,SERGIO KOIDE (30h),2022.2,7M34,4,4
1685-02-427-20222,2,ODT0154,CLÍNICA ODONTOLÓGICA 4,427,FALTA BOTAR,CARLA RUFFEIL MOREIRA MESQUITA (30h),2022.2,6M12  2T45,25,30
4403-26-986-20222,26,PSICC0228,ESTUDO E PESQUISA DE TESE EM PSICOLOGIA CLÍNICA E CULTURA 4,986,FALTA BOTAR,MAURICIO DA SILVA NEUBERN (30h),2022.2,5N34 (25/10/2022 - 18/02/2023),0,10
732-02-508-20222,2,CIC0218,SUPERVISÃO DE ESTÁGIO EM LICENCIATURA EM COMPUTAÇÃO 1,508,FALTA BOTAR,LIVIA SANTOS BRISOLLA (30h),2022.2,6N34,6,40
2792-01-673-20222,1,FGA0008,SISTEMAS AEROESPACIAIS,673,FALTA BOTAR,RONNE TOLEDO (60h),2022.2,24M34,23,30
3311-01-533-20222,1,IGD0167,FUNDAMENTOS DA HISTÓRIA DA TERRA,533,FALTA BOTAR,MARCO ANTONIO CACADOR MARTINS FERREIRA (30h),2022.2,2N1234,37,40
830-07-437-20222,7,ENC0025,ESTÁGIO CURRICULAR EM ENGENHARIA AMBIENTAL,437,FALTA BOTAR,FRANCISCO JAVIER CONTRERAS PINEDA (30h),2022.2,7M5  7T1,2,2
3743-06-903-20222,6,PPGCDC0097,ESTUDO DIRIGIDO INDIVIDUAL EM ANÁLISE DO COMPORTAMENTO,903,FALTA BOTAR,RAQUEL MARIA DE MELO (30h),2022.2,2N12 (25/10/2022 - 18/02/2023),1,5
3231-11-524-20222,11,IFD0171,FISICA 1,524,FALTA BOTAR,CLODOALDO RODRIGUES DA COSTA JUNIOR (60h),2022.2,35M12,43,50
2416-03-381-20222,3,MTC0039,EDUCAÇÃO INFANTIL,381,FALTA BOTAR,MONIQUE APARECIDA VOLTARELLI (60h),2022.2,5M1234,43,45
4169-01-901-20222,1,PPGG0327,GEOSSINTÉTICOS EM GEOTECNIA E MEIO AMBIENTE,901,FALTA BOTAR,ENNIO MARQUES PALMEIRA (30h),2022.2,6M34,9,40
2445-01-381-20222,1,TEF0082,FUNDAMENTOS DA EDUCAÇÃO AMBIENTAL,381,FALTA BOTAR,ROSANGELA AZEVEDO CORREA (60h),2022.2,6T2345,17,40
953-01-443-20222,1,ENE0039,SISTEMAS DIGITAIS,443,FALTA BOTAR,EDSON MINTSU HUNG (60h),2022.2,24M34,50,66
3224-12-524-20222,12,IFD0058,TRABALHO DE CONCLUSÃO DE CURSO,524,FALTA BOTAR,MARIANA PENNA LIMA VITENTI (90h),2022.2,236M12,1,1
4073-17-917-20222,17,PPGFIL0009,DEFESA DE PROJETO,917,FALTA BOTAR,ALEXANDRE HAHN (60h),2022.2,2345N3 (25/10/2022 - 18/02/2023),1,3
4217-04-1495-20222,4,PPGL0157,TRABALHO DE CAMPO 1,1495,FALTA BOTAR,ANA SUELLY ARRUDA CAMARA CABRAL (60h),2022.2,2M2345 (25/10/2022 - 18/02/2023),7,9
418-07-518-20222,7,MAT0022,MATEMATICA 1,518,FALTA BOTAR,JOSE LUIS TERUEL CARRETERO (30h),2022.2,35M12,58,65
4407-05-986-20222,5,PSICC3446,ESTUDO E PESQUISA DE DISSERTAÇÃO EM PSICOLOGIA CLÍNICA E CULTURA 2,986,FALTA BOTAR,DANIELA SCHEINKMAN CHATELARD (30h),2022.2,7N34 (25/10/2022 - 18/02/2023),1,10
3077-05-455-20222,5,CFS0039,ELEMENTOS DE FISIOLOGIA 2,455,FALTA BOTAR,LUANA CRISTINA CAMARGO (30h),2022.2,24M12,25,40
3989-ENF-843-20222,ENF,PPGENF0006,TECNOLOGIAS DO CUIDADO,843,FALTA BOTAR,ELAINE BARROS FERREIRA (30h),2022.2,56T6 (25/10/2022 - 18/02/2023),19,19
2552-01-402-20222,1,FMD0031,INTERNATO ,402,FALTA BOTAR,LUIZ FELIPE DE CAMPOS LOBATO (150h),2022.2,23M12345 45M1234 6M12,40,50
4062-12-1225-20222,12,PPGECSA3862,SEMINÁRIO DE ELABORAÇÃO DE TESE 1,1225,FALTA BOTAR,STEPHEN GRANT BAINES (30h),2022.2,4M12 (25/10/2022 - 18/02/2023),0,5
327-03-678-20222,3,FAR0141,ENZIMOLOGIA E TECNOLOGIA DE FERMENTAÇÃO,678,FALTA BOTAR,JANICE LISBOA DE MARCO (30h),2022.2,3M34  5T45,15,40
567-01-492-20222,1,CEN0173,INTERPRETAÇÃO TEATRAL 3,492,FALTA BOTAR,TIAGO ELIAS MUNDIM (90h),2022.2,35M345,24,28
2824-02-673-20222,2,FGA0071,PRÁTICA DE ELETRÔNICA DIGITAL 1,673,FALTA BOTAR,ANDERSON JOSE COSTA SENA (30h),2022.2,4T23,13,14
3155-14-455-20222,14,ICB0219,ESTÁGIO SUPERVISIONADO EM BIOLOGIA 2,455,FALTA BOTAR,ISABEL BELLONI SCHMIDT (90h),2022.2,456M5  456T1,0,10
3154-45-455-20222,45,ICB0214,ESTÁGIO SUPERVISIONADO EM BIOLOGIA 1,455,FALTA BOTAR,SILENE DE PAULINO LOZZI (60h),2022.2,7M1345,0,5
4403-21-986-20222,21,PSICC0228,ESTUDO E PESQUISA DE TESE EM PSICOLOGIA CLÍNICA E CULTURA 4,986,FALTA BOTAR,SERGIO EDUARDO SILVA DE OLIVEIRA (30h),2022.2,5N34 (25/10/2022 - 18/02/2023),0,10
4196-01-895-20222,1,PPGI0133,REQUISITOS DE SOFTWARE,895,FALTA BOTAR,EDNA DIAS CANEDO (60h),2022.2,35T23 (25/10/2022 - 18/02/2023),7,25
4052-02-1225-20222,2,PPGECSA1862,PARADIGMAS EM CIÊNCIAS SOCIAIS,1225,FALTA BOTAR,CRISTHIAN TEOFILO DA SILVA (60h),2022.2,5T2345 (25/10/2022 - 18/02/2023),18,30
644-02-333-20222,2,CCA0026,AUDITORIA 2,333,FALTA BOTAR,JOSE ALVES DANTAS (60h),2022.2,24N34,46,51
1690-01-427-20222,1,ODT0159,PROTESE TOTAL REMOVÍVEL,427,FALTA BOTAR,EVELYN MIKAELA KOGAWA (30h),2022.2,5T24,29,30
3569-02-854-20222,2,CPPGA0343,ESTÁGIO DOCÊNCIA  2,854,FALTA BOTAR,MICHELLE SOUZA VILELA (30h),2022.2,7M34 (25/10/2022 - 18/02/2023),1,1
3925-01-1198-20222,1,PPGECO0006,ECONOMIA POLÍTICA LATINO-AMERICANA,1198,FALTA BOTAR,ALEXANDRE FLAVIO SILVA ANDRADA (60h),2022.2,5T2345 (25/10/2022 - 18/02/2023),7,27
2296-01-674-20222,1,FCI0068,ARQUIVO PERMANENTE 2,674,FALTA BOTAR,CYNTHIA RONCAGLIO (60h),2022.2,24N34,30,31
3235-01-524-20222,1,IFD0179,FISICA 3,524,FALTA BOTAR,PAULO SERGIO DA SILVA CALDAS (60h),2022.2,35T45,9,58
1160-02-559-20222,2,HIS0210,PRÁTICA DE ENSINO DE HISTÓRIA 1,559,FALTA BOTAR,CRISTIANE DE ASSIS PORTELA (120h),2022.2,24M1234,25,40
2201-01-672-20222,1,FCE0334,ESTÁGIO SUPERVISIONADO EM SAÚDE COLETIVA 1,672,FALTA BOTAR,FLAVIA REIS DE ANDRADE (150h),2022.2,24M1234 6M12,15,15
318-02-678-20222,2,FAR0121,ESTÁGIO EM PESQUISA E POLÍTICA DE MEDICAMENTOS,678,FALTA BOTAR,RAFAEL SANTOS SANTANA (30h),2022.2,7M1234  4T6  4N1 (25/10/2022 - 18/02/2023),13,20
2455-03-381-20222,3,TEF0147,EDUCAÇÃO DAS RELAÇÕES ÉTNICO-RACIAIS,381,FALTA BOTAR,POLIANA REZENDE SOARES RODRIGUES (60h),2022.2,3T2345,38,40
4067-01-1494-20222,1,POSTRAD2090,HISTÓRIA DA TRADUÇÃO,1494,FALTA BOTAR,ALESSANDRA RAMOS DE OLIVEIRA HARDEN (60h),2022.2,6M1234 (25/10/2022 - 18/02/2023),8,8
2266-01-674-20222,1,FCI0025,BIBLIOGRAFIA,674,FALTA BOTAR,JOAO DE MELO MARICATO (60h),2022.2,35M34,22,40
3865-01-1487-20222,1,PPGCDS3874,CIÊNCIA E GESTÃO DA SUSTENTABILIDADE,1487,FALTA BOTAR,CRISTIANE GOMES BARRETO (60h),2022.2,3T2345 (25/10/2022 - 18/02/2023),4,6
4267-01-983-20222,1,PPGMAT0181,PESQUISA EM MATEMÁTICA B,983,FALTA BOTAR,MARCELO FERNANDES FURTADO (30h),2022.2,3M5  3T1 (25/10/2022 - 18/02/2023),2,30
3154-55-455-20222,55,ICB0214,ESTÁGIO SUPERVISIONADO EM BIOLOGIA 1,455,FALTA BOTAR,HELOISA SINATORA MIRANDA (60h),2022.2,6M1234,1,5
3125-02-455-20222,2,GEM0033,ESTAGIO EM MORFOLOGIA E MORFOGENESE,455,FALTA BOTAR,MARCOS CELIO DE ALMEIDA (60h),2022.2,45M5  45T1,1,5
835-01-437-20222,1,ENC0032,TOPICOS ESPECIAIS EM GESTÃO DE RECURSOS HÍDRICOS,437,FALTA BOTAR,CONCEICAO DE MARIA ALBUQUERQUE ALVES (30h),2022.2,4M12,9,30
3606-02-927-20222,2,PPGFAU3063,PENSAR E AGIR SOBRE O PATRIMÔNIO MODERNO,927,FALTA BOTAR,ANA ELISABETE DE ALMEIDA MEDEIROS (60h),2022.2,2T3456 (25/10/2022 - 18/02/2023),5,12
3203-01-524-20222,1,IFD0013,"ONDAS, ÓPTICA E TERMODINÂMICA",524,FALTA BOTAR,LEONARDO LUIZ E CASTRO (90h),2022.2,246M34,27,30
2824-10-673-20222,10,FGA0071,PRÁTICA DE ELETRÔNICA DIGITAL 1,673,FALTA BOTAR,HENRIQUE MARRA TAIRA MENEGAZ (30h),2022.2,2M34,14,14
1008-01-433-20222,1,EFL0021,SEMENTES E VIVEIROS FLORESTAIS,433,FALTA BOTAR,ANDERSON MARCOS DE SOUZA (30h),2022.2,3T2345,24,40
3260-01-524-20222,1,IFD0381,"LABORATÓRIO DE MECÂNICA, ÓPTICA E TERMODINÂMICA",524,FALTA BOTAR,LETICIA GONCALVES NUNES COELHO (30h),2022.2,,7,40
2571-01-402-20222,1,FMD0052,SAÚDE DA CRIANÇA E DO ADOLESCENTE,402,FALTA BOTAR,LUIZ CLAUDIO GONCALVES DE CASTRO (30h),2022.2,3M4 5M124 6M12  6T2345,14,14
3767-01-897-20222,1,PPGCTS2801,BIOESTATÍSTICA,897,FALTA BOTAR,IZABEL CRISTINA RODRIGUES DA SILVA (10h),2022.2,5M34 (25/10/2022 - 18/02/2023),19,40
4260-01-983-20222,1,PPGMAT0025,TÓPICOS EM MATEMÁTICA,983,FALTA BOTAR,KETI TENENBLAT (30h),2022.2,4T23 (25/10/2022 - 18/02/2023),2,30
3204-01-524-20222,1,IFD0014,LABORATÓRIO DE INSTRUMENTAÇÃO CIENTÍFICA A,524,FALTA BOTAR,JUNIO MARCIO ROSA CRUZ (60h),2022.2,4T2345,21,30
1966-02-363-20222,2,FAV0276,ZOOTECNIA GERAL,363,FALTA BOTAR,ITIBERE SALDANHA SILVA (30h),2022.2,4M1234,33,40
3007-04-455-20222,4,BOT0004,INTRODUCAO A ANATOMIA VEGETAL,455,FALTA BOTAR,SUELI MARIA GOMES (30h),2022.2,2M1234,36,40
1295-01-574-20222,1,LET0138,PRATICA DE TRADUCAO PORTUGUES-FRANCES : TEXTOS TECNICOS E CIENTIFICOS,574,FALTA BOTAR,MARCELO CORDEIRO DE MELLO (60h),2022.2,24M34,8,35
2880-05-673-20222,5,FGA0158,ORIENTAÇÃO A OBJETOS,673,FALTA BOTAR,ELAINE VENSON (30h),2022.2,7M1234,87,92
877-02-437-20222,2,ENC0230,MATERIAIS DE CONSTRUÇÃO,437,FALTA BOTAR,MICHELE TEREZA MARQUES CARVALHO (15h),2022.2,2T23,16,23
3740-01-903-20222,1,PPGCDC0007,TÉCNICAS DE ANÁLISE CONCEITUAL NAS CIÊNCIAS DO COMPORTAMENTO,903,FALTA BOTAR,EILEEN PFEIFFER FLORES (60h),2022.2,3T2345 (25/10/2022 - 18/02/2023),7,30
1438-01-495-20222,1,MUS0136,MUSICA DE CAMARA 3,495,FALTA BOTAR,BOJIN ILIEV NEDIALKOV (60h),2022.2,7N1234,0,4
3009-06-455-20222,6,BOT0008,FISIOLOGIA VEGETAL,455,FALTA BOTAR,SERGIO ARAUJO FIGUEIREDO (90h),2022.2,2N1234 4N34,35,40
149-01-351-20222,1,DAP0171,"LEGISLAÇÃO, DESENVOLVIMENTO E PRODUÇÃO DE PROJETOS",351,FALTA BOTAR,ARMANDO BULCAO (30h),2022.2,3M34,25,26
3354-04-583-20222,4,IPD0016,ESTÁGIO SUPERVISIONADO BÁSICO EM PSICOLOGIA,583,FALTA BOTAR,SHEILA GIARDINI MURTA (90h),2022.2,357T6  357N1,15,15
1789-10-563-20222,10,SER0119,PRÁTICA DE PESQUISA SOCIAL 2,563,FALTA BOTAR,HAYESKA COSTA BARROSO (60h),2022.2,4567T6,2,6
4426-02-913-20222,2,PPGPSTO0022,"PESQUISA EM PSICOLOGIA SOCIAL, DO TRABALHO E DAS ORGANIZAÇÕES 2",913,FALTA BOTAR,ANA MAGNOLIA BEZERRA MENDES (30h),2022.2,3M12 (25/10/2022 - 18/02/2023),1,5
3060-05-455-20222,5,CEL0093,ESTÁGIO SUPERVISIONADO EM BIOQUÍMICA,455,FALTA BOTAR,SEBASTIEN OLIVIER CHARNEAU (60h),2022.2,7N1234,1,2
3039-04-455-20222,4,CEL0050,MICROBIOLOGIA BASICA,455,FALTA BOTAR,ROBERT NEIL GERARD MILLER (60h),2022.2,3M1234,39,40
2035-01-672-20222,1,FCE0069,SEMINÁRIO,672,FALTA BOTAR,WAGNER RODRIGUES MARTINS (5h),2022.2,67M1234  67T2345 (05/02/2022 - 12/02/2022),0,40
510-50-327-20222,50,ADM0273,PROJETO DE PESQUISA EM ADMINISTRAÇÃO,327,FALTA BOTAR,BRUNO EDUARDO FREITAS HONORATO (60h),2022.2,24M5  24T1,0,4
4040-A-829-20222,A,PPCE0150,INSTABILIDADE ESTRUTURAL,829,FALTA BOTAR,WILLIAM TAYLOR MATIAS SILVA (60h),2022.2,2M1234,3,30
1876-01-363-20222,1,FAV0005,CLÍNICA E CIRURGIA DE RUMINANTES E EQUINOS 1,363,FALTA BOTAR,JOSE RENATO JUNQUEIRA BORGES (30h),2022.2,4M1234  3T23 5T2345,32,40
830-01-437-20222,1,ENC0025,ESTÁGIO CURRICULAR EM ENGENHARIA AMBIENTAL,437,FALTA BOTAR,CRISTINA CELIA SILVEIRA BRANDAO (30h),2022.2,7M5  7T1,1,1
1323-02-574-20222,2,LET0256,INGLES: EXPRESSAO ESCRITA 3,574,FALTA BOTAR,CAROLINA PEREIRA BARCELLOS (60h),2022.2,24M5  24T1,16,24
4045-04-829-20222,4,PPCE0229,SEMINÁRIO DE DOUTORADO,829,FALTA BOTAR,ELTON BAUER (15h),2022.2,4N4,0,10
349-01-678-20222,1,FAR0183,URINÁLISE E FLUIDOS CORPORAIS,678,FALTA BOTAR,TANISE VENDRUSCOLO DALMOLIN (60h),2022.2,5M1234,18,18
1434-02-495-20222,2,MUS0112,TEORIAS CONTEMPORANEAS DA MUSICA 1,495,FALTA BOTAR,HUGO LEONARDO RIBEIRO (30h),2022.2,4M12,4,15
847-01-437-20222,1,ENC0128,PROJETO ARQUITETÔNICO DE EDIFICAÇÕES,437,FALTA BOTAR,EVANGELOS DIMITRIOS CHRISTAKOU (60h),2022.2,46T23,18,25
3095-01-455-20222,1,ECL0043,ECOLOGIA DE POPULAÇÕES E COMUNIDADES,455,FALTA BOTAR,JOHN DU VALL HAY (30h),2022.2,4M1234,16,20
